First Name,Last Name,Emp ID,DOB,SSN,State
Jessica,Sheppard,1128,05/24/1970,***-**-4987,RI
Sarah,Rodriguez,1988,07/18/1986,***-**-8700,WY
Steven,Parker,573,09/20/1981,***-**-5891,NE
Patricia,Bennett,107,06/08/1984,***-**-0424,LA
Lisa,Mathis,2040,01/27/1957,***-**-3247,WI
Dale,Garza,1103,09/01/1982,***-**-4719,MI
Jeffrey,Guerra,748,10/22/1983,***-**-9519,VT
Anthony,Martinez,1516,01/16/1958,***-**-0874,OR
Jorge,Howard,1143,04/18/1982,***-**-0640,KY
Jennifer,Austin,1374,04/10/1984,***-**-4858,WA
Calvin,Sosa,1517,02/28/1969,***-**-8986,PA
Isaac,Franco,1649,08/29/1989,***-**-3428,ND
Norman,Harris,566,02/10/1981,***-**-7233,MN
Becky,Carroll,965,08/16/1992,***-**-3619,TX
Kellie,Montgomery,277,03/11/1970,***-**-8490,ME
Amber,Mullen,696,05/23/1987,***-**-5573,NM
Andrew,Bennett,1356,10/02/1988,***-**-5167,OK
Jacob,Taylor,1443,10/16/1988,***-**-1835,CA
Gregory,Day,1423,06/07/1982,***-**-9482,NV
Danielle,Smith,160,01/31/1972,***-**-3726,AZ
Nathan,Sims,1540,06/29/1982,***-**-4681,AK
Lisa,Lawrence,1305,12/19/1957,***-**-9699,TN
Kristen,Morales,299,05/17/1963,***-**-4085,SD
Lee,Terry,1285,02/26/1965,***-**-3702,ME
Vincent,Williams,172,03/03/1974,***-**-3233,OR
James,Mcfarland,1837,05/29/1992,***-**-7711,TX
Arthur,Lawrence,231,06/11/1974,***-**-4845,SC
Randy,Christian,743,11/01/1962,***-**-4642,MT
Ashley,Hurley,290,08/20/1970,***-**-6712,SD
Sarah,Stewart,1691,02/02/1969,***-**-1055,IN
Justin,Williams,1744,06/09/1976,***-**-4152,WA
Frederick,Sanchez,615,07/21/1978,***-**-8901,OR
Sarah,Baldwin,1427,01/10/1964,***-**-3313,SC
John,Larson,252,03/13/1989,***-**-9091,CT
Christina,Nielsen,1418,04/18/1957,***-**-4490,SD
Jesse,Jones,732,02/14/1959,***-**-5626,VT
Dorothy,Beltran,1198,11/16/1986,***-**-2110,LA
Tammy,Brock,2116,04/24/1992,***-**-3729,MN
Melissa,Mitchell,946,03/25/1975,***-**-6449,KS
James,Ramirez,921,06/09/1983,***-**-6140,FL
Benjamin,Long,1706,12/25/1971,***-**-4171,ND
William,Shields,2039,06/19/1970,***-**-4599,TN
Crystal,Brooks,1378,11/27/1962,***-**-4904,NY
Richard,Gilbert,772,10/11/1962,***-**-7467,MO
Beth,Davis,1558,11/17/1990,***-**-2566,DE
Tyler,Brown,14,07/13/1964,***-**-0128,ME
Melissa,Duncan,513,03/20/1985,***-**-5735,NH
Alexandra,Berry,1002,04/10/1973,***-**-4917,CA
Ashley,Morgan,863,01/29/1957,***-**-5705,ME
Matthew,Beasley,1026,05/30/1969,***-**-7294,DE
Angela,Gregory,433,05/14/1980,***-**-1822,AR
Michelle,Smith,1404,05/30/1991,***-**-5222,ID
Kristopher,Meyer,657,04/06/1979,***-**-4588,CO
Patrick,Barron,1875,11/25/1985,***-**-9394,AK
Mike,Reeves,285,02/27/1963,***-**-8915,GA
Heidi,Bell,875,07/05/1958,***-**-9662,TN
Donald,Young,586,05/31/1991,***-**-9174,ID
Megan,Smith,1831,12/23/1989,***-**-9069,NH
Cheryl,Barrera,1536,07/29/1975,***-**-3870,OR
Megan,Thomas,624,07/27/1967,***-**-4278,AK
Lisa,Stone,596,01/02/1967,***-**-2423,GA
Reginald,Smith,500,05/04/1976,***-**-0992,VA
Deborah,Ayers,1954,06/05/1980,***-**-8040,GA
Steven,Roberts,1118,04/10/1980,***-**-1943,West VA
Savannah,Smith,1112,01/29/1974,***-**-3554,MS
Samantha,Thompson,66,04/11/1958,***-**-8610,TN
Lindsay,Cruz,1997,03/14/1970,***-**-9234,MD
Edward,Hamilton,1482,08/06/1972,***-**-7328,NE
Michelle,Reed,996,06/11/1991,***-**-3749,CA
Jeffrey,Donaldson,1015,08/22/1984,***-**-4075,IA
Brittany,Chavez,2079,07/13/1982,***-**-4926,WY
Christopher,Greene,23,07/15/1963,***-**-3700,ME
Robert,Rangel,1555,01/30/1963,***-**-5076,MT
Emily,Armstrong,728,11/10/1961,***-**-5902,NH
Beth,Estrada,836,12/08/1957,***-**-4848,NY
Donna,Butler,1620,06/12/1963,***-**-3521,ID
Cynthia,Wells,1597,05/26/1990,***-**-9753,ID
Steve,Medina,1270,11/10/1992,***-**-2125,OH
Sharon,Smith,1254,10/31/1973,***-**-8540,SC
Samuel,Velasquez,579,12/22/1973,***-**-7602,MS
Gabrielle,Martinez,1157,12/25/1974,***-**-5050,NC
Michelle,Johnson,621,11/10/1990,***-**-3933,NJ
Lauren,Scott,1013,08/23/1988,***-**-7641,NV
Brittany,Wagner,1251,01/10/1988,***-**-0524,NM
Michael,Romero,2119,11/08/1988,***-**-7219,West VA
Jason,Kelley,776,06/16/1959,***-**-3807,KS
Brad,Jackson,1091,12/27/1985,***-**-9351,ME
Rodney,Jimenez,700,05/01/1976,***-**-2089,IA
Steven,Williams,254,08/03/1972,***-**-1509,HI
Rebecca,Sanders,1821,05/02/1970,***-**-7371,ND
Harold,Potts,1595,04/02/1960,***-**-7308,MD
Lynn,Cortez,1733,04/20/1975,***-**-4492,OH
Stephanie,Sanders,1213,10/27/1986,***-**-4035,TN
Tyler,Bridges,908,07/23/1990,***-**-1025,LA
Edward,Jones,246,09/05/1972,***-**-6467,IL
Bruce,Smith,1125,01/21/1961,***-**-4804,AZ
Sheila,Bradshaw,870,10/07/1969,***-**-1234,NH
Ernest,Jenkins,57,11/20/1966,***-**-5113,WI
Lisa,Williams,430,01/21/1986,***-**-0753,MS
Anna,Martinez,226,03/22/1977,***-**-1449,ID
Lisa,Diaz,444,02/21/1975,***-**-0151,NY
Amy,May,612,01/05/1974,***-**-4123,NJ
Kathryn,Gibson,75,01/20/1960,***-**-4605,West VA
Timothy,Kirby,26,01/26/1972,***-**-5417,OR
John,Chavez,897,02/14/1972,***-**-4233,MI
Spencer,Cole,1452,10/12/1993,***-**-3934,NV
Aaron,Klein,419,03/08/1975,***-**-9830,WI
Maxwell,Anderson,1552,09/18/1966,***-**-5300,DE
Brian,Schultz,1764,11/02/1969,***-**-7839,MA
Heather,Kramer,1920,04/14/1959,***-**-2420,IA
Kimberly,Brown,1420,09/16/1983,***-**-7936,RI
Justin,Davis,1836,04/30/1973,***-**-0965,WY
Evan,Johnson,85,03/03/1967,***-**-8890,TX
Robert,Sanford,543,09/09/1975,***-**-9997,ND
Meagan,Lopez,1283,06/08/1976,***-**-7023,MS
Shawn,Lindsey,1539,10/11/1982,***-**-9646,KS
Emily,Johnson,972,10/15/1978,***-**-3801,NH
Lance,Chambers,1544,11/06/1990,***-**-9888,KS
John,Young,1669,11/22/1956,***-**-8229,AL
Marcus,Rogers,927,06/08/1976,***-**-3011,KY
Claudia,King,1456,06/28/1975,***-**-9304,NJ
David,Morton,979,06/24/1983,***-**-2468,RI
Christine,Hines,2118,08/18/1964,***-**-7354,NJ
Kimberly,Rice,1084,10/13/1974,***-**-5904,SD
Joseph,Rose,750,03/19/1965,***-**-3290,RI
Christina,Lynn,758,10/09/1976,***-**-4326,MT
Kirk,Jones,987,06/29/1969,***-**-7998,WI
John,Hughes,799,10/13/1960,***-**-3398,NC
Mariah,Brown,1563,05/08/1969,***-**-4973,ME
Anthony,Kelly,1359,08/11/1993,***-**-0866,SD
Stephanie,Hamilton,1163,01/27/1957,***-**-5919,West VA
Antonio,Pitts,1083,08/31/1963,***-**-6298,FL
Michael,Rowland,1514,02/07/1972,***-**-1666,ID
Barbara,Mitchell,1490,02/08/1967,***-**-8486,NC
Lindsey,Knight,353,10/06/1990,***-**-2460,NJ
Kristi,Young,1571,06/19/1986,***-**-2756,KS
Martha,Castillo,1560,05/16/1964,***-**-7382,SD
Denise,Wilson,1176,10/17/1984,***-**-7310,West VA
Michelle,Taylor,1309,12/14/1980,***-**-5485,WI
Christine,Miller,694,11/23/1979,***-**-5053,TX
Thomas,Fisher,1728,05/01/1959,***-**-5388,HI
Isaac,Mathis,1079,04/22/1963,***-**-7781,AZ
Stephanie,Welch,1204,08/07/1967,***-**-8938,LA
Chelsea,Lang,1466,11/05/1986,***-**-7524,HI
Christopher,Mcguire,1255,07/09/1964,***-**-5513,NY
Charles,Heath,28,11/19/1970,***-**-8882,MT
Karen,Mcgee,1241,11/26/1961,***-**-0476,VA
Michael,Waller,2018,03/28/1961,***-**-3017,TX
Robert,Thompson,1928,12/08/1970,***-**-9037,West VA
Leslie,Nichols,1905,12/08/1970,***-**-3232,MN
Amy,Reed,889,10/22/1963,***-**-1180,NY
Nicole,Harris,623,01/25/1970,***-**-5820,MO
James,Newman,1454,07/02/1994,***-**-3909,AR
Tristan,Vasquez,1790,03/30/1961,***-**-1028,KS
Robert,Fritz,416,06/03/1966,***-**-3095,DE
Stephen,Foster,459,07/07/1986,***-**-2622,CO
David,Robertson,1930,11/08/1985,***-**-2514,MS
Michael,Chang,1402,08/09/1983,***-**-8493,NV
Amy,Martinez,1682,08/02/1959,***-**-1543,West VA
Benjamin,Johnson,805,04/26/1974,***-**-9312,MO
Anthony,Moore,1767,12/22/1959,***-**-1898,IN
Amy,Burns,1231,08/26/1960,***-**-6040,TN
Bryan,Nelson,1849,04/11/1975,***-**-0949,IL
Bryan,Larsen,1228,10/16/1960,***-**-7673,OH
Robert,Barr,1439,03/26/1981,***-**-5223,VA
Kathleen,Johnson,2000,04/19/1985,***-**-1364,ME
Sean,Conley,991,08/02/1983,***-**-5803,NV
Kirsten,Ho,506,11/23/1974,***-**-6496,ME
Nicholas,Harrison,11,12/22/1958,***-**-5796,NY
Cheyenne,Downs,451,11/09/1966,***-**-0100,RI
Kevin,Manning,603,04/07/1976,***-**-9575,MT
Marie,Novak,486,09/23/1961,***-**-8322,NJ
Derrick,Martin,186,01/21/1959,***-**-7014,NJ
Melissa,King,502,03/25/1958,***-**-3851,OR
Adam,Cherry,176,09/27/1981,***-**-1736,ID
Andrea,Mcneil,374,04/11/1986,***-**-3917,HI
Alison,Torres,545,01/18/1992,***-**-2807,OR
Michelle,Taylor,1918,02/24/1986,***-**-9645,MN
Jesus,Young,1751,04/14/1966,***-**-4117,IA
Cody,Smith,1183,05/19/1958,***-**-1743,GA
Jessica,Collins,200,11/12/1987,***-**-1222,MN
Kyle,Perkins,1511,11/18/1966,***-**-9580,MI
Cindy,Sellers,704,01/14/1957,***-**-1112,GA
Casey,Weaver,65,03/20/1991,***-**-6829,SC
Debra,Ford,2057,12/11/1971,***-**-4528,MO
Kathleen,Smith,1481,12/31/1980,***-**-3766,CO
Alexander,Collins,1708,05/29/1984,***-**-9653,SD
Rebecca,Oneal,1030,10/01/1975,***-**-7157,SC
Angela,Wilson,914,12/19/1967,***-**-6254,AR
Kelsey,Ramirez,368,11/22/1978,***-**-8811,NC
Ivan,Hill,1513,08/28/1968,***-**-0083,OH
Kevin,Lane,1284,05/31/1982,***-**-7964,LA
Kevin,Jimenez,1153,05/24/1960,***-**-4965,VT
Edward,Hall,407,02/24/1991,***-**-0151,NC
Lisa,Jacobson,1219,12/08/1969,***-**-5217,CT
Jeremy,Perez,455,06/22/1990,***-**-3952,TX
Morgan,Rodriguez,1625,02/13/1988,***-**-9618,NC
Matthew,Meadows,1090,07/20/1974,***-**-5815,ID
Lisa,Stephens,372,06/22/1994,***-**-6572,AZ
William,Wilkerson,1607,11/30/1968,***-**-4399,GA
Kristina,Young,148,09/22/1987,***-**-8377,IA
Susan,Reid,1553,06/26/1965,***-**-2591,NJ
Elizabeth,Turner,705,11/25/1967,***-**-5101,NC
Whitney,Goodman,1350,02/20/1989,***-**-6689,IN
Erica,Thomas,292,07/29/1977,***-**-0938,KS
Hailey,Riggs,2097,04/01/1972,***-**-2619,CO
Jeffery,Webster,1099,10/23/1959,***-**-3861,TN
Elizabeth,Anderson,1959,04/21/1984,***-**-1828,TN
Jessica,Jackson,1651,01/01/1985,***-**-4999,MD
Jim,Williams,1034,11/30/1973,***-**-4033,DE
Michael,Lane,1336,03/09/1967,***-**-2550,TX
Pamela,Guerra,2054,07/31/1959,***-**-0796,AK
Scott,Brown,1509,03/28/1978,***-**-6997,MT
Alexis,Medina,131,10/03/1974,***-**-2841,MI
Kimberly,Robles,140,08/25/1984,***-**-3199,West VA
Joel,Lara,937,03/06/1959,***-**-1980,CT
Chelsea,Rivera,1277,02/14/1986,***-**-1067,MI
Brandon,Davis,720,02/06/1959,***-**-9493,NV
George,Summers,2092,09/22/1993,***-**-6604,NV
Heather,Martinez,729,04/08/1977,***-**-3793,OK
Sharon,Jones,1502,02/10/1986,***-**-0973,ND
Gabriela,Stewart,786,07/22/1987,***-**-4654,WY
Mary,Camacho,1898,08/29/1967,***-**-4308,OK
Rebecca,Lewis,681,12/04/1981,***-**-9952,NJ
Michelle,Patel,2022,07/19/1959,***-**-1627,IA
Joel,Stanton,42,11/30/1984,***-**-9603,RI
Carly,Robinson,1527,04/07/1990,***-**-8685,VA
Jocelyn,Boyd,661,04/08/1976,***-**-3078,CT
Mark,Hayes,1409,11/04/1979,***-**-3981,MI
Nicole,Gordon,1683,11/26/1974,***-**-2074,KY
Kevin,Cummings,334,11/10/1963,***-**-9813,MA
Brianna,Coleman,855,06/22/1986,***-**-4898,ID
Tamara,Nash,448,12/10/1985,***-**-4178,SC
Rodney,Hart,134,12/13/1975,***-**-2389,AZ
Steven,Martin,1156,04/03/1970,***-**-6426,KY
Denise,Alexander,472,03/14/1992,***-**-1207,OK
Erin,Brown,809,05/23/1980,***-**-5035,WY
Joseph,Schmidt,1576,04/29/1994,***-**-7769,IL
Paul,Villa,1000,08/23/1973,***-**-4562,NC
Harold,Torres,524,10/01/1982,***-**-9806,West VA
William,Richmond,366,03/29/1983,***-**-4633,LA
Mary,Day,960,02/14/1982,***-**-5865,IN
Jennifer,Fuentes,311,04/14/1973,***-**-5121,GA
Brandon,Sanders,1783,12/07/1962,***-**-1120,WI
Kathy,Wilson,1394,01/18/1967,***-**-1177,MO
Joseph,Ward,688,08/07/1959,***-**-9600,VA
Jessica,Gillespie,1347,03/03/1986,***-**-0215,AL
Anthony,Hopkins,38,08/08/1988,***-**-2095,IA
Brittany,Owens,721,04/21/1990,***-**-3729,ME
James,Hunter,235,04/01/1991,***-**-0818,GA
Jason,Soto,1798,03/09/1968,***-**-5038,AK
Brandon,Phillips,563,06/20/1986,***-**-2666,AL
Emily,Cox,302,04/03/1973,***-**-1929,NC
Kayla,Reese,2033,12/21/1969,***-**-6984,NE
Gavin,Rivera,1065,10/04/1972,***-**-6271,SD
Miranda,Mcdonald,1188,11/29/1972,***-**-4147,MI
Jerry,Wilson,1037,09/05/1962,***-**-6641,IA
Barbara,Oconnor,1584,11/15/1982,***-**-9780,West VA
Audrey,Moss,860,01/07/1969,***-**-5042,West VA
Courtney,Bennett,415,09/27/1987,***-**-4205,IL
James,Rangel,584,07/10/1982,***-**-4627,ME
Samantha,Martin,1757,10/15/1988,***-**-1617,LA
Rachel,Neal,1041,04/09/1991,***-**-2388,ME
Linda,Brown,641,06/03/1985,***-**-0152,MS
Valerie,Cummings,1960,09/04/1969,***-**-3223,WI
Jacqueline,Hoffman,1662,10/23/1961,***-**-2618,ID
Miguel,Buck,590,03/05/1985,***-**-6117,WI
Charles,Garrison,1570,07/18/1957,***-**-2506,TX
John,Wright,736,06/10/1990,***-**-9753,LA
Amy,Pratt,1533,02/25/1988,***-**-1616,AK
Spencer,Clark,2082,02/14/1957,***-**-1777,VT
Christopher,Johnson,1619,05/14/1975,***-**-0661,OH
Stephanie,Goodwin,1494,03/07/1970,***-**-4487,NH
Kimberly,Rasmussen,491,12/06/1981,***-**-5834,NJ
Rachel,Hayes,1982,05/18/1983,***-**-3885,OR
Tony,Pitts,2028,12/23/1988,***-**-5643,AZ
Joshua,Adams,1280,01/29/1976,***-**-5919,OR
Anthony,Smith,310,03/29/1962,***-**-0832,LA
Tiffany,Vargas,1435,12/16/1968,***-**-3210,ME
Brian,Fry,422,11/20/1972,***-**-2425,MI
Jesse,Jones,323,04/11/1989,***-**-5926,West VA
Mark,Allen,821,10/17/1978,***-**-5259,AZ
Evan,Bryan,206,12/22/1977,***-**-2978,OR
Zoe,Wilson,2023,10/30/1989,***-**-9478,VA
Jerome,Burns,740,06/16/1961,***-**-4140,HI
Michael,Roberts,352,06/19/1980,***-**-1994,CA
Jonathan,Marsh,1643,03/11/1962,***-**-2496,AL
Amanda,Barrett,815,12/05/1976,***-**-4090,ND
Andrew,Davis,1036,11/23/1993,***-**-9582,KS
Audrey,Little,1467,03/13/1965,***-**-7930,AL
Scott,Yates,1652,07/16/1974,***-**-2195,MN
Charles,Harper,1847,09/15/1964,***-**-4143,KY
Gabrielle,Morris,1968,03/28/1966,***-**-7804,PA
Rachel,Howard,1425,02/24/1980,***-**-8484,WY
Diane,Clark,1739,04/17/1972,***-**-4221,SD
Cynthia,Davis,1824,10/26/1962,***-**-4868,OR
Cynthia,Cortez,317,11/06/1972,***-**-6986,MA
Jennifer,Bradley,910,05/22/1984,***-**-4366,MI
Austin,Cervantes,523,08/26/1978,***-**-0673,MO
Christopher,Werner,982,11/06/1961,***-**-2052,MI
Joseph,Avila,929,05/09/1971,***-**-6515,IN
Douglas,Saunders,1926,11/24/1990,***-**-7909,NE
Robin,Rios,1129,03/25/1971,***-**-5116,WY
Matthew,Kirby,2068,04/09/1978,***-**-5264,VT
Carol,Jones,280,09/23/1988,***-**-8830,VT
Larry,Cook,1147,10/18/1987,***-**-4533,NV
Paul,Taylor,1641,08/27/1993,***-**-2129,NM
Charlotte,Townsend,1057,06/15/1978,***-**-2012,IA
Andrew,Molina,1316,06/23/1959,***-**-9589,IN
Christina,Blevins,401,03/12/1976,***-**-5666,West VA
Amy,Nixon,834,08/26/1958,***-**-8968,West VA
Lori,Wade,818,07/25/1978,***-**-1684,MN
Cassandra,Knight,1768,06/16/1977,***-**-3338,OR
Timothy,Miller,1095,03/25/1967,***-**-4271,DE
Matthew,Byrd,1760,11/19/1963,***-**-2667,CT
Eric,Cross,1438,11/19/1982,***-**-2123,IL
Keith,Fisher,691,08/08/1968,***-**-8435,NH
Brian,Wiley,142,11/24/1990,***-**-7693,PA
Katherine,Cain,708,09/07/1976,***-**-1330,NE
Lisa,Little,1101,12/05/1985,***-**-9815,DE
Elizabeth,Martin,168,05/05/1979,***-**-1796,IL
Kimberly,Rangel,1743,09/16/1990,***-**-8213,NJ
Michele,Cameron,345,10/26/1969,***-**-5529,NC
Carolyn,James,193,09/26/1980,***-**-8421,OK
Shannon,Stephens,919,02/03/1982,***-**-1082,OK
Paul,Thomas,1422,08/20/1988,***-**-1201,ND
Jennifer,Silva,850,02/13/1984,***-**-2957,NH
Olivia,Price,1445,01/15/1991,***-**-3802,NJ
William,Mendoza,251,01/16/1963,***-**-7434,TN
Robert,Hill,464,12/11/1974,***-**-9668,AK
Christopher,Harris,1746,08/12/1990,***-**-3876,AZ
Anna,Bradshaw,1940,07/29/1967,***-**-9055,IN
Stephanie,Gomez,726,10/21/1977,***-**-9738,AR
Travis,Huber,757,07/26/1991,***-**-0959,NJ
Frederick,Jackson,1458,05/13/1992,***-**-1210,NH
Robert,Shaw,269,01/31/1980,***-**-6108,IN
Brianna,Black,255,04/06/1973,***-**-0172,OR
Thomas,Moon,305,04/24/1986,***-**-9313,MO
Cynthia,Brown,367,08/05/1993,***-**-1496,RI
Christopher,Bailey,1038,03/13/1957,***-**-8123,IA
Adam,Perkins,1762,07/10/1983,***-**-5728,WY
Anita,Gray,369,01/26/1966,***-**-2599,WI
Michelle,Hall,1138,02/04/1991,***-**-4844,NY
Matthew,Mcdaniel,1022,06/16/1967,***-**-8605,ID
Renee,Freeman,737,02/13/1992,***-**-2091,UT
Donald,Williams,1375,10/28/1971,***-**-9180,AK
Karen,Leach,50,08/20/1971,***-**-8595,IL
Andrew,Bailey,2085,03/20/1974,***-**-3535,West VA
Leslie,Obrien,2055,11/20/1980,***-**-6722,HI
Michael,Garcia,828,10/15/1977,***-**-4735,KY
Tina,Hopkins,1835,03/08/1973,***-**-4551,AR
Kelsey,Pierce,882,06/11/1959,***-**-5971,UT
John,Robinson,253,08/18/1992,***-**-6499,IA
Sandra,Cooper,188,01/07/1961,***-**-0052,MD
Morgan,Serrano,534,01/01/1967,***-**-8728,TN
Arthur,Jones,1440,12/08/1976,***-**-7004,NH
Michele,Kane,1426,03/18/1991,***-**-0762,CO
Justin,Chambers,163,12/11/1974,***-**-6828,RI
Victoria,Odonnell,1967,11/15/1990,***-**-7860,ID
Robert,Tate,1148,06/19/1958,***-**-7912,DE
Kimberly,Harrison,1441,01/22/1983,***-**-8825,KS
Madison,Herrera,395,10/10/1994,***-**-7928,NJ
Pamela,Duke,1495,01/29/1991,***-**-0016,VT
Michelle,Mahoney,1983,08/24/1967,***-**-1696,MD
Emma,Rivera,483,12/01/1968,***-**-2448,MN
Timothy,Kidd,1018,10/16/1969,***-**-8122,CO
Robert,Anderson,2088,03/28/1960,***-**-8513,AR
Lauren,Christian,521,04/07/1974,***-**-1600,AZ
Robert,Leblanc,156,08/06/1989,***-**-6589,MO
Samuel,Oneill,250,12/28/1969,***-**-1134,RI
Jessica,Davis,1919,07/21/1991,***-**-8089,WA
Robert,Hall,790,06/20/1976,***-**-1556,OR
Jimmy,Williams,350,01/12/1966,***-**-3576,ID
Angelica,Stephenson,1961,06/26/1989,***-**-2867,UT
Sabrina,Brooks,476,05/04/1963,***-**-6105,WA
Andrew,Scott,1593,04/18/1992,***-**-5721,ME
John,Johnson,1291,09/02/1970,***-**-4967,MI
Brandon,Lewis,149,07/17/1965,***-**-7154,GA
Brandon,Williams,1001,06/04/1967,***-**-1612,SC
Brad,Mullins,1773,01/25/1967,***-**-0326,West VA
Philip,Murphy,2012,05/23/1966,***-**-1846,West VA
Justin,Webster,832,08/29/1957,***-**-6035,KY
Tiffany,Brown,1923,04/04/1980,***-**-5633,PA
Jeff,Hall,278,03/10/1970,***-**-4574,NJ
Jason,Hernandez,1408,06/19/1957,***-**-6120,MS
Patrick,Flores,8,12/05/1981,***-**-5389,TX
Samantha,Arnold,2083,11/29/1987,***-**-6311,DE
Jamie,Garcia,879,05/22/1982,***-**-4211,VT
Samantha,Barnes,304,12/26/1967,***-**-5686,CT
Jason,Kelly,667,08/30/1969,***-**-6812,NC
Kimberly,Brown,1314,05/09/1966,***-**-7723,NM
Kristen,Lopez,2064,01/26/1973,***-**-0026,KS
Megan,Christian,712,03/09/1977,***-**-1901,RI
Brianna,Cole,854,01/19/1969,***-**-1009,WY
Michael,Lee,297,12/25/1985,***-**-8986,IA
Jason,Flores,741,08/06/1982,***-**-7461,ND
Matthew,Conway,1929,01/14/1974,***-**-8056,IL
Katie,Chavez,256,07/22/1994,***-**-4583,OH
Michael,Johnson,887,03/01/1981,***-**-8551,AR
Kimberly,Morrison,771,10/29/1966,***-**-2813,NC
Michelle,Lopez,1349,07/24/1966,***-**-5544,OH
Willie,Washington,989,01/06/1968,***-**-5431,OH
Timothy,Palmer,1911,12/18/1990,***-**-9679,TX
Melvin,Coleman,531,02/23/1989,***-**-1451,NY
Jessica,Mcguire,755,04/11/1978,***-**-4362,AR
Rachael,Dunlap,1680,10/10/1981,***-**-1019,VA
James,Oconnor,780,08/30/1981,***-**-3755,ID
Ronald,Koch,1592,01/31/1994,***-**-2722,RI
Edward,Johnson,1809,11/15/1989,***-**-2991,AR
Julie,King,538,02/26/1986,***-**-6609,NH
Katherine,Vargas,421,10/05/1969,***-**-7601,AZ
Linda,Finley,1178,01/15/1965,***-**-5300,SC
Peter,Gardner,1401,10/11/1959,***-**-8035,DE
Aaron,Anderson,1307,11/26/1976,***-**-6955,MO
Laura,Nichols,1585,04/13/1989,***-**-0883,OK
Dale,Watkins,565,10/26/1994,***-**-9944,AR
Kenneth,Smith,1043,07/06/1958,***-**-4322,GA
Kristen,Thompson,209,05/15/1961,***-**-7294,KY
Brittany,Short,1421,06/01/1975,***-**-4026,MA
Diane,Henson,742,10/24/1987,***-**-8999,DE
Dominic,Alvarado,569,02/26/1989,***-**-8246,NM
Carol,Harris,549,02/03/1958,***-**-1996,PA
Carolyn,Rodriguez,646,09/30/1979,***-**-6457,ME
Virginia,Collins,841,07/14/1981,***-**-9157,NC
James,Green,1288,12/14/1983,***-**-0300,MS
James,Hall,560,08/20/1961,***-**-5656,ND
Alexa,Hoffman,1754,02/15/1976,***-**-6980,DE
Brittany,Jenkins,1608,07/10/1985,***-**-3941,DE
Anthony,Hatfield,1820,04/30/1991,***-**-1190,CA
Danielle,Moore,814,04/20/1961,***-**-2190,IN
Stephanie,Hooper,793,12/13/1961,***-**-5031,OH
Dawn,Schmidt,803,04/28/1985,***-**-1921,IL
Teresa,Johnson,602,08/07/1971,***-**-3185,PA
David,Costa,1382,10/01/1976,***-**-1318,DE
Thomas,Ryan,998,02/24/1993,***-**-5795,GA
Kaylee,Morris,303,10/30/1958,***-**-6276,NH
Brandon,Ramsey,469,05/24/1983,***-**-9477,OK
Brandi,Smith,371,12/07/1959,***-**-0849,MT
Michael,Kramer,1546,01/07/1965,***-**-4739,TX
Jennifer,Collins,1340,08/28/1994,***-**-9156,NV
Kathleen,Cordova,68,12/15/1962,***-**-2943,OR
Cheryl,Adams,1749,06/11/1958,***-**-5218,OR
Jeff,Myers,505,09/11/1981,***-**-0450,CT
Edwin,Barnes,127,03/10/1963,***-**-4450,OK
Adam,Vaughan,1942,02/16/1974,***-**-7162,PA
Brittany,Johnson,132,01/14/1965,***-**-1617,WY
Jennifer,King,942,05/04/1971,***-**-3483,West VA
Thomas,Collins,77,12/23/1975,***-**-8157,NJ
Victoria,Lee,390,04/30/1966,***-**-5617,CT
Elizabeth,Hubbard,1306,06/12/1959,***-**-2613,IL
Sarah,Zamora,981,11/13/1992,***-**-2194,LA
Melissa,Stewart,671,07/09/1970,***-**-2528,IA
Alexis,Mccoy,54,03/10/1969,***-**-5527,NH
Steven,Phillips,211,08/04/1970,***-**-2964,MT
Alyssa,Evans,1992,03/05/1994,***-**-6349,WY
Charlotte,Nelson,1610,12/06/1973,***-**-9600,VA
Peter,Harding,411,06/13/1973,***-**-7320,WI
Scott,Hendricks,45,11/16/1974,***-**-1123,NM
Tara,Martinez,816,08/09/1990,***-**-1744,VA
Christopher,Shaw,3,02/25/1989,***-**-2623,UT
Priscilla,Franklin,1062,09/14/1975,***-**-0352,AK
Pamela,Rogers,680,12/31/1964,***-**-3578,NC
Steven,Walters,1146,09/02/1991,***-**-6866,KY
Emily,Thompson,1697,02/18/1990,***-**-2519,AZ
Jason,Peterson,964,08/20/1989,***-**-6448,MI
Bethany,Casey,1613,08/06/1969,***-**-1342,MS
John,Ford,528,11/05/1986,***-**-5334,OH
Robert,Levy,170,06/10/1976,***-**-7263,NC
Edward,Peters,1411,06/02/1976,***-**-0801,WA
William,Bush,1679,06/21/1976,***-**-0131,CT
Duane,Williams,1127,01/27/1961,***-**-9445,OK
William,Edwards,9,06/21/1992,***-**-9569,TN
Roger,Wall,2073,04/17/1969,***-**-4292,AL
Nancy,Moore,516,03/09/1973,***-**-7870,DE
Deborah,Morales,1179,05/24/1963,***-**-7227,CT
Cody,Leon,1106,04/26/1992,***-**-9067,MA
Mandy,Greer,1756,11/15/1987,***-**-9670,NY
Brenda,Kent,824,08/09/1961,***-**-9315,NY
Jonathan,Ramirez,402,12/16/1981,***-**-8612,NM
Steven,Thompson,1893,01/19/1973,***-**-5311,MO
Michael,Monroe,553,04/18/1983,***-**-0960,OR
Samuel,Santos,1980,03/14/1990,***-**-2063,OK
Lori,Martinez,2046,11/16/1959,***-**-8278,NE
Paul,Green,293,10/06/1975,***-**-3279,AR
Jessica,Harris,1857,01/25/1994,***-**-7804,VA
Jacob,Archer,1717,03/13/1961,***-**-3018,MO
Amanda,Fisher,1096,03/15/1967,***-**-9755,AR
Cynthia,Bonilla,745,03/23/1979,***-**-7002,TN
Clarence,Daniels,109,08/06/1992,***-**-9651,OR
David,Wood,2112,03/22/1979,***-**-9249,NC
Matthew,Moore,1189,04/13/1991,***-**-4233,WY
Alexandra,Paul,1058,09/30/1991,***-**-8532,TX
Kim,Wells,581,01/13/1981,***-**-5644,NM
Thomas,Cortez,1528,08/08/1959,***-**-9213,LA
Nicole,Rodriguez,1216,11/28/1972,***-**-4951,OK
Katherine,Hernandez,405,02/08/1988,***-**-0837,FL
Allen,Perez,550,08/24/1971,***-**-9596,AZ
Jacob,Martinez,686,04/16/1965,***-**-0313,KS
Jacqueline,Cooper,498,03/08/1963,***-**-9512,DE
Stephanie,Davis,905,10/17/1968,***-**-9170,MT
Cathy,Mcgee,1033,02/03/1959,***-**-8652,VT
Margaret,Smith,619,05/05/1968,***-**-7479,SD
Gina,Bauer,2113,08/13/1963,***-**-1576,HI
James,Lucero,2111,02/19/1961,***-**-9626,AK
Daniel,Morrison,1159,02/11/1976,***-**-5212,MA
Vanessa,Rodriguez,536,10/21/1958,***-**-6073,NH
Lauren,Perez,1535,07/03/1981,***-**-9578,ME
Alicia,Andrade,220,02/04/1977,***-**-0807,CT
Carlos,Gibson,1168,09/16/1962,***-**-6761,WI
Kathryn,Sanchez,1415,03/03/1972,***-**-9884,NV
Thomas,Stout,580,08/27/1990,***-**-5841,MS
Nicholas,Rice,1784,04/21/1980,***-**-5065,HI
Jamie,Shields,1144,12/19/1983,***-**-8231,OH
Holly,Jones,1357,07/06/1958,***-**-4145,GA
Aaron,Jones,48,09/29/1987,***-**-6140,ID
Heidi,Fowler,32,02/19/1964,***-**-4145,RI
Katherine,Benson,765,12/10/1969,***-**-8721,SC
Linda,Robbins,1442,04/21/1985,***-**-7171,KY
Joseph,Martin,265,07/24/1987,***-**-3577,MN
Anthony,Burns,1823,02/15/1969,***-**-2863,VT
Richard,Hahn,1393,03/06/1961,***-**-5875,TN
Jennifer,Romero,87,08/14/1961,***-**-4582,AL
John,Munoz,768,04/16/1991,***-**-5426,CA
Katherine,Maynard,2001,01/14/1975,***-**-4906,NJ
Willie,Raymond,902,05/19/1961,***-**-4564,MT
Eric,Aguilar,1840,06/19/1960,***-**-8610,WI
Tasha,Marquez,1074,06/19/1957,***-**-7993,KY
Howard,Byrd,999,04/10/1986,***-**-5376,MI
David,Cummings,1379,02/13/1983,***-**-7451,OR
Jeanette,Kirk,1376,12/28/1981,***-**-2769,West VA
Melissa,Herman,532,04/11/1988,***-**-7654,WI
Mark,Norris,40,04/11/1976,***-**-4486,MT
Maria,Patterson,1323,02/09/1960,***-**-5543,TX
Steven,Smith,1551,03/12/1983,***-**-6077,NH
Rose,May,21,08/29/1982,***-**-7332,WY
Christopher,Santiago,1600,04/22/1967,***-**-0657,UT
Shannon,Martinez,931,01/11/1992,***-**-2174,AL
Austin,Smith,1623,02/16/1964,***-**-4922,WI
Brian,Myers,1276,04/19/1961,***-**-8072,FL
Michael,Davis,81,01/20/1987,***-**-5600,NJ
Nicole,Dudley,842,07/08/1967,***-**-2651,AZ
Ashley,Hill,456,01/03/1964,***-**-0671,SC
Adam,Martinez,723,11/01/1991,***-**-2549,NY
Isabella,Carr,777,10/09/1968,***-**-2902,IN
Daniel,Morales,191,03/21/1963,***-**-5432,HI
Andrew,Williams,1295,11/30/1986,***-**-6925,ID
Cody,King,955,07/27/1962,***-**-8237,CO
Angela,Gonzales,1913,08/27/1966,***-**-8623,MS
Adam,Arnold,1397,11/18/1978,***-**-3401,WI
John,Bender,1556,10/07/1970,***-**-0475,AR
Megan,Jenkins,608,11/25/1982,***-**-3819,NV
Darren,Frederick,1644,01/24/1981,***-**-8624,CT
Karen,Pena,485,08/05/1970,***-**-1440,DE
Marcus,Barnes,1924,10/11/1989,***-**-0858,HI
Steven,Williams,153,09/09/1964,***-**-2930,GA
Anna,Anderson,2096,05/18/1969,***-**-3943,WA
Patricia,Lucas,1538,03/21/1959,***-**-9386,OK
John,Johnson,441,12/27/1988,***-**-6649,MN
Sara,Lam,1883,10/11/1970,***-**-9907,IN
Anne,Moore,1366,08/13/1959,***-**-6421,MN
Christopher,Shepherd,1051,02/09/1974,***-**-5640,RI
David,Brock,794,12/08/1958,***-**-8176,IA
Tina,Morgan,1373,08/17/1986,***-**-6007,KS
Lisa,Terry,872,10/07/1977,***-**-5940,SD
Virginia,Simmons,1817,07/26/1982,***-**-2224,FL
Laura,Brooks,851,12/16/1962,***-**-4803,MT
Brian,Miller,556,08/04/1978,***-**-1134,West VA
Elizabeth,Adams,1952,07/28/1983,***-**-8567,West VA
Terri,Bird,1395,06/17/1988,***-**-3331,VT
Justin,Sanders,1463,08/10/1992,***-**-6990,MN
Tiffany,George,1994,02/06/1967,***-**-9311,OR
Travis,Welch,138,04/18/1983,***-**-6679,MA
Jason,Calderon,1092,08/21/1988,***-**-1362,SC
Jerry,Osborne,234,06/12/1965,***-**-7056,NY
Kelsey,Gonzalez,677,05/09/1973,***-**-9942,TN
Tonya,Wood,1748,04/29/1986,***-**-7162,MS
Michelle,Richards,1888,03/09/1960,***-**-7073,NC
Sarah,Craig,1484,07/20/1977,***-**-1964,AK
Kyle,Johnson,342,01/02/1966,***-**-6532,HI
Paul,Wilson,431,10/17/1969,***-**-6326,AK
Alyssa,Rodriguez,874,10/30/1958,***-**-9354,MO
Michelle,Woodard,1007,03/25/1984,***-**-6544,KS
Thomas,Lindsey,102,10/16/1992,***-**-9938,CA
Kevin,Stewart,1399,11/17/1971,***-**-5371,MS
Ronald,Martinez,1761,05/11/1978,***-**-0592,WA
Aaron,Hanna,19,02/06/1988,***-**-8006,VA
Elizabeth,Cohen,1025,11/11/1987,***-**-2825,ID
Jonathan,Henderson,924,02/23/1970,***-**-6202,LA
Heather,Hernandez,1054,05/18/1988,***-**-2975,MN
Laura,Young,1799,12/04/1991,***-**-6643,MI
Heidi,Moran,1521,01/23/1961,***-**-2555,OK
Sean,Johnson,1348,10/14/1989,***-**-3225,NJ
Barbara,Smith,1897,02/06/1974,***-**-5229,NY
Jason,Freeman,484,06/05/1960,***-**-3738,ME
Jackie,Cummings,994,08/19/1962,***-**-9255,ME
David,Shelton,217,07/08/1994,***-**-9705,MS
Jeanette,Everett,983,03/14/1984,***-**-8061,NJ
Michael,Martin,1474,01/12/1990,***-**-0362,ND
Shelby,Garcia,1453,06/21/1992,***-**-9256,SC
Brian,Dudley,298,03/23/1967,***-**-2714,NJ
Andrea,Ramos,1028,08/22/1994,***-**-4870,AL
Alexandra,Gray,773,07/14/1972,***-**-2578,AL
Adam,Contreras,482,02/29/1992,***-**-0224,WI
Taylor,Adams,189,03/07/1959,***-**-8505,TN
Mitchell,Thomas,283,12/20/1988,***-**-0577,SD
Courtney,Reid,1965,07/02/1961,***-**-9747,MI
Kayla,Mcguire,1330,10/23/1968,***-**-3190,IN
Chad,Rodriguez,1197,06/25/1960,***-**-0966,KY
Kevin,Garcia,977,05/17/1963,***-**-4908,FL
Daniel,Walker,418,10/31/1985,***-**-8850,NJ
Colton,Ross,847,08/11/1994,***-**-3123,IN
Erica,Smith,1369,10/02/1973,***-**-5830,SC
Nicholas,Henry,1794,09/19/1980,***-**-9335,IN
Ruth,Reeves,1289,12/11/1965,***-**-9922,MD
Gina,Rodriguez,859,06/07/1981,***-**-6047,TX
John,Macdonald,237,01/28/1967,***-**-8496,HI
Michelle,Moreno,1263,09/13/1975,***-**-3075,PA
Michael,Farrell,1860,01/11/1972,***-**-9728,ND
Lynn,Fox,1713,07/05/1972,***-**-9052,VT
James,Williams,1782,09/18/1992,***-**-9225,HI
Robert,Williams,2060,07/28/1966,***-**-5396,IL
Matthew,Solis,2078,12/21/1990,***-**-6541,ID
Anita,Hill,145,07/28/1961,***-**-9891,CA
Mary,Davis,1827,04/19/1984,***-**-8228,TN
Kyle,Wood,699,02/02/1966,***-**-0765,FL
Natalie,Carlson,316,06/24/1979,***-**-7026,MD
Scott,Smith,693,11/25/1975,***-**-4104,TX
Jessica,Jones,31,06/16/1986,***-**-3598,OH
Loretta,Vasquez,1299,10/25/1966,***-**-0870,SD
Kathryn,Bonilla,339,08/09/1978,***-**-3708,RI
Luke,West,775,08/14/1967,***-**-6228,NC
Thomas,Byrd,650,09/06/1967,***-**-7030,VT
Edwin,Williams,236,10/29/1994,***-**-1359,NE
Steven,Lewis,1915,12/24/1980,***-**-1947,MA
Aaron,Bruce,582,08/01/1966,***-**-2115,West VA
Leonard,Brown,1912,04/06/1969,***-**-6711,CT
Deborah,Jackson,1881,12/10/1979,***-**-2438,AL
John,Marshall,1688,04/25/1967,***-**-0554,CT
Melissa,Mercado,1211,09/22/1994,***-**-7490,TX
Adam,Blackburn,1134,12/08/1969,***-**-7922,MO
Daniel,Gibson,1719,09/02/1957,***-**-1030,CT
Jessica,Davis,943,07/23/1972,***-**-3297,SC
Johnny,Downs,1459,08/01/1984,***-**-6934,CO
Anthony,Simpson,13,10/15/1981,***-**-5784,NM
Patricia,Beard,1067,10/16/1983,***-**-7152,PA
Justin,Henry,1192,07/30/1992,***-**-2649,GA
Dwayne,Mckee,10,10/16/1973,***-**-2174,ME
Mark,Mendez,601,05/11/1991,***-**-3104,AZ
Ryan,Martin,2080,01/02/1983,***-**-5485,CT
Stacey,Joyce,1550,12/06/1957,***-**-3672,IN
Sarah,King,409,02/03/1980,***-**-1925,TN
Kathy,Simpson,669,04/23/1974,***-**-0462,AL
Jill,Perry,204,12/30/1983,***-**-3501,IL
Cory,Williams,1780,08/15/1988,***-**-0423,IL
Tiffany,Thomas,16,10/10/1971,***-**-8636,KY
Tracy,Goodwin,554,03/02/1979,***-**-2848,SC
Nathaniel,Swanson,438,12/28/1957,***-**-0880,NM
Daniel,Moore,518,05/10/1959,***-**-5676,RI
Shannon,Anderson,2084,06/29/1958,***-**-5070,TX
Shaun,Rodriguez,1723,10/07/1983,***-**-8987,IN
Cassandra,Blanchard,1212,03/03/1977,***-**-6073,ID
Michael,Andersen,58,09/02/1961,***-**-0392,ND
Cindy,Cruz,542,10/08/1976,***-**-5675,MN
Richard,Jones,574,05/01/1986,***-**-2767,OK
Judy,Williamson,880,11/30/1958,***-**-4904,PA
Pamela,Arnold,1601,08/04/1994,***-**-0539,NY
Julia,Stuart,1873,05/20/1987,***-**-0136,DE
Jessica,Johnson,180,12/23/1959,***-**-6174,CO
Samantha,Gilbert,242,03/18/1961,***-**-2427,UT
Heather,Barton,1215,04/02/1973,***-**-0109,NH
Lauren,Guzman,394,02/22/1990,***-**-5246,MD
Tabitha,Salazar,1173,04/15/1990,***-**-4140,IN
Jason,Page,1681,09/17/1963,***-**-4503,NH
Justin,Simpson,1956,10/16/1964,***-**-8212,CO
Richard,Brennan,508,11/23/1987,***-**-3215,AZ
Aaron,Mathis,1844,02/04/1957,***-**-1972,KY
Kayla,Green,1914,11/13/1972,***-**-3449,SC
Sherry,Medina,1109,02/10/1991,***-**-1685,AK
Lee,Smith,1656,03/11/1984,***-**-5651,OK
Michael,Rowe,263,11/15/1967,***-**-3860,VT
Keith,Thompson,1069,10/26/1982,***-**-2301,MA
Justin,Austin,1991,02/16/1989,***-**-2653,KY
John,Rose,1805,08/25/1990,***-**-5475,CO
Jason,Bailey,2,02/10/1989,***-**-0094,HI
Christie,Parker,468,06/10/1986,***-**-2928,MA
David,Bell,465,10/23/1977,***-**-4436,MA
Shane,Brown,1185,03/26/1958,***-**-4680,NH
Nicholas,Patrick,630,11/19/1991,***-**-8810,CT
Ashley,Heath,811,03/25/1984,***-**-7731,West VA
Kathryn,Conrad,1400,07/02/1991,***-**-2367,AK
Pamela,Ramirez,112,06/30/1984,***-**-5534,PA
Kristin,Gonzalez,116,08/04/1961,***-**-5453,MI
Paul,Smith,1005,12/13/1964,***-**-3289,AZ
Emily,Walters,400,03/14/1984,***-**-8813,RI
Olivia,Jimenez,767,08/07/1977,***-**-6400,ID
Michelle,Richards,1158,09/25/1987,***-**-0333,NV
Robert,Stein,2021,08/20/1963,***-**-5658,TN
Tanya,Ellis,1142,03/03/1979,***-**-3149,DE
Amanda,Cervantes,1736,09/02/1978,***-**-6911,KY
John,Pham,837,11/09/1991,***-**-7062,NH
Raymond,Hunter,197,01/19/1981,***-**-5472,MD
Wendy,Garrett,1999,06/23/1982,***-**-8044,SD
Joseph,Brown,1326,09/06/1971,***-**-9641,NY
Shawn,Johnson,1803,02/17/1969,***-**-5012,WA
Linda,Warner,399,09/26/1959,***-**-0217,NM
Elijah,Padilla,228,04/21/1982,***-**-1696,AK
Jason,Torres,382,06/05/1958,***-**-8830,AL
Christopher,Flores,41,12/28/1959,***-**-0940,SD
Anthony,Ware,1012,02/07/1980,***-**-4265,WI
Paul,Hebert,1298,11/11/1984,***-**-0581,MS
John,Ballard,1832,01/11/1990,***-**-7793,PA
Jeffrey,Fisher,493,04/04/1965,***-**-8585,AZ
David,Vega,629,10/03/1989,***-**-9790,MD
Karen,Horn,1579,03/27/1984,***-**-2821,WI
Jermaine,King,1222,08/21/1993,***-**-9068,RI
Charles,Weaver,1769,08/11/1962,***-**-0697,DE
Anthony,Bean,1086,11/18/1966,***-**-6681,AR
Sara,Schultz,642,08/26/1987,***-**-8390,CO
Dustin,Kline,1050,06/06/1971,***-**-8783,GA
Kevin,Green,901,03/15/1959,***-**-3626,RI
Alyssa,Hickman,118,04/19/1974,***-**-9953,IL
Shannon,Walker,1504,01/15/1978,***-**-4315,NM
Krista,Jackson,1180,04/07/1977,***-**-1259,LA
Lawrence,Sutton,933,10/11/1959,***-**-1525,West VA
Brady,Vaughn,249,10/29/1983,***-**-7261,VA
Joseph,Rollins,1941,05/17/1988,***-**-5638,IL
Joseph,Lopez,1413,11/06/1980,***-**-9529,NE
Jennifer,Castro,2110,05/16/1976,***-**-9645,HI
David,Mcgee,1499,02/07/1958,***-**-9525,ND
Kevin,Reed,457,04/22/1960,***-**-8987,AR
Jennifer,Holloway,497,01/30/1991,***-**-1289,NJ
Troy,Turner,2006,11/05/1959,***-**-1685,AZ
Sherry,Trevino,276,10/24/1964,***-**-3646,AK
Bailey,Patel,435,03/24/1985,***-**-9372,IL
Michael,Rivers,1257,10/05/1971,***-**-3089,WA
Trevor,Ochoa,956,08/26/1988,***-**-8514,PA
Danielle,Robinson,673,05/31/1960,***-**-8917,SD
Jacob,Jones,1237,04/02/1981,***-**-4935,TX
Dorothy,Molina,877,01/13/1965,***-**-7633,SC
Sarah,Calhoun,1223,12/10/1972,***-**-5594,VA
Brenda,Zimmerman,1446,05/16/1980,***-**-9615,KS
Nina,Banks,1510,05/09/1985,***-**-9945,WI
Rebecca,Fox,1583,09/27/1988,***-**-3940,MT
Maria,Mckenzie,1292,07/28/1974,***-**-8479,NJ
Willie,Hines,1978,05/01/1993,***-**-2557,NV
Zachary,Tyler,29,08/24/1966,***-**-6670,UT
Emily,Cochran,240,12/28/1970,***-**-5494,SD
Kayla,Galloway,2109,12/04/1961,***-**-9611,AZ
Mary,Walsh,1839,07/09/1989,***-**-4428,ND
James,Kirk,806,03/18/1976,***-**-2003,UT
Kelly,Casey,1386,01/22/1991,***-**-0409,OK
Travis,Lee,1078,01/16/1958,***-**-2949,WA
Jessica,Williams,1042,11/24/1981,***-**-4639,KY
Donald,Lawson,1120,10/20/1994,***-**-5876,SD
Jodi,Newton,1027,12/28/1983,***-**-4224,ID
Taylor,Hernandez,1225,03/20/1976,***-**-4749,NE
Christine,Hopkins,1087,10/13/1968,***-**-5682,MO
Barbara,Jefferson,570,04/02/1989,***-**-4441,NJ
Kelly,Strickland,1360,06/30/1976,***-**-7387,MO
John,Stevens,716,08/31/1975,***-**-2721,ND
Megan,Melendez,2115,11/03/1988,***-**-3429,MD
Troy,Ballard,1532,04/25/1992,***-**-8211,MA
John,Young,36,10/08/1962,***-**-8187,ME
Joseph,Henderson,1721,06/15/1978,***-**-1968,WA
Frank,Williams,1218,12/03/1980,***-**-8177,NH
Wesley,Davis,626,09/28/1985,***-**-9388,IN
Jared,Harper,432,10/07/1991,***-**-7767,SD
Joshua,Miller,1076,10/01/1973,***-**-3684,MA
Caleb,Rubio,1543,01/06/1966,***-**-9678,TX
Yvette,Wyatt,1055,02/11/1981,***-**-7673,IL
Veronica,Rodriguez,663,02/27/1994,***-**-0138,ME
Chase,Peters,884,06/27/1989,***-**-0588,MI
Thomas,Curry,1904,01/30/1960,***-**-9978,MA
David,Garrett,636,01/07/1957,***-**-0743,TX
Brent,Jones,1729,05/12/1968,***-**-4006,WY
Mary,Jones,1870,07/05/1960,***-**-1233,OR
Kurt,Calderon,2005,11/22/1971,***-**-3640,NM
Jennifer,Stevens,1160,06/27/1984,***-**-6438,IA
Michael,Miller,1609,05/21/1959,***-**-9413,MD
Rachael,Murphy,672,05/04/1959,***-**-4348,CA
James,Griffith,1779,11/12/1970,***-**-7967,VT
Pamela,Ray,1854,04/11/1977,***-**-6548,HI
Shawn,Mitchell,108,07/27/1993,***-**-5330,MD
Diane,Wiley,653,11/09/1977,***-**-7369,HI
Matthew,Berry,1024,12/16/1959,***-**-2038,HI
Tracy,Davis,1852,09/13/1988,***-**-1962,CA
Derek,Hale,178,11/11/1977,***-**-7878,AR
Diane,Shea,1624,03/10/1957,***-**-8090,MS
Joseph,Gutierrez,918,02/16/1990,***-**-5291,RI
Andrea,Byrd,1008,08/12/1967,***-**-3106,IN
Kathryn,Malone,1312,05/24/1970,***-**-1227,MT
Matthew,Wilson,501,02/24/1967,***-**-5058,OH
Vincent,Sloan,157,10/19/1959,***-**-5501,NC
Ashley,Chandler,1927,03/21/1980,***-**-1307,AZ
Willie,Jones,71,01/08/1983,***-**-5452,IN
Brett,Thomas,96,09/01/1992,***-**-6916,TX
Cristian,French,1093,12/01/1965,***-**-5433,NV
Brenda,Davis,1602,10/17/1993,***-**-8713,NE
Jennifer,Gray,813,12/28/1973,***-**-9634,AL
Eric,Bradley,136,03/02/1988,***-**-4231,SC
Thomas,Howell,70,05/19/1977,***-**-8695,HI
Mary,Simpson,978,02/27/1980,***-**-2691,KS
Kelli,Owens,1372,08/28/1972,***-**-8002,NY
Charles,Savage,1117,11/09/1977,***-**-9402,CA
Christopher,Espinoza,1085,03/21/1958,***-**-4243,WI
Clayton,Henderson,559,06/30/1975,***-**-9396,WY
Rachel,Sandoval,2077,11/30/1975,***-**-5233,NC
Stephanie,Carpenter,347,11/01/1959,***-**-7041,MO
Natalie,Turner,2101,06/19/1991,***-**-3128,CO
Julie,Higgins,230,11/24/1974,***-**-8175,MS
Logan,Briggs,1711,08/18/1964,***-**-7519,KY
Jose,Manning,1851,08/12/1987,***-**-0989,GA
Tamara,Morris,173,10/13/1961,***-**-3486,WI
Brian,Martinez,1140,09/10/1972,***-**-4875,NH
David,Contreras,282,08/27/1994,***-**-7970,TX
Joshua,Graves,2016,01/29/1969,***-**-5080,CA
Jennifer,Gilbert,281,08/25/1985,***-**-9467,HI
Kevin,Brock,1177,08/31/1974,***-**-6074,KS
Roger,Coleman,727,09/14/1957,***-**-6111,NY
Grant,Patterson,577,12/24/1986,***-**-6784,RI
Kevin,Robinson,753,12/05/1991,***-**-4224,MD
James,Stokes,1561,04/16/1971,***-**-0232,CA
David,Johnson,587,01/08/1990,***-**-3708,MI
John,Rivera,830,01/03/1964,***-**-3546,LA
Charles,Bryan,1890,12/04/1985,***-**-2171,MD
Alexander,Romero,47,07/12/1975,***-**-1442,VT
Matthew,Knight,139,05/07/1984,***-**-8438,TX
James,Harris,270,12/20/1973,***-**-8140,MT
Richard,Hunt,1487,08/30/1983,***-**-4959,MD
Kaitlyn,Reese,706,05/21/1983,***-**-5521,FL
Marissa,Kelly,576,10/26/1974,***-**-7575,ND
Heidi,Shaw,1699,11/13/1987,***-**-6968,KY
Alyssa,Armstrong,1921,03/05/1992,***-**-0479,AL
Erica,Cole,1432,12/01/1971,***-**-7616,RI
David,Johnston,1938,07/31/1965,***-**-0677,UT
Katrina,Wiggins,962,09/14/1975,***-**-1378,RI
Benjamin,Long,1541,12/09/1976,***-**-7867,RI
Pam,Sanchez,2120,11/21/1975,***-**-8018,MN
Lori,Adams,1640,08/06/1991,***-**-3803,ID
Julie,Nelson,233,08/22/1972,***-**-5917,GA
Joseph,Steele,1039,04/28/1990,***-**-9841,WA
Craig,Wiggins,1868,05/28/1962,***-**-7616,TX
Jill,Fox,2123,02/21/1965,***-**-3332,PA
Gerald,Wallace,243,10/17/1988,***-**-0638,NE
Michael,Vasquez,1722,11/05/1994,***-**-2681,TX
Keith,Thomas,1547,06/18/1972,***-**-3051,PA
Gregory,Williams,201,06/09/1957,***-**-2236,NH
John,Daniels,822,06/07/1982,***-**-2845,VT
Susan,Garrison,1948,06/17/1967,***-**-8796,NY
Brenda,Gay,1230,01/02/1978,***-**-7151,CT
Wyatt,Moreno,1161,03/22/1984,***-**-4187,MI
Susan,Turner,1518,04/26/1966,***-**-2571,UT
Denise,Martin,258,05/11/1982,***-**-2489,IN
Erica,Ryan,2011,08/13/1982,***-**-8369,MD
Monica,Hawkins,1758,02/26/1958,***-**-2444,West VA
Brenda,Freeman,944,01/11/1994,***-**-2578,AZ
James,Walker,333,01/16/1990,***-**-1799,VA
Mark,Gordon,1781,09/20/1987,***-**-5608,NY
Joseph,Cummings,871,08/11/1971,***-**-3554,NH
Andrea,Fitzgerald,798,12/04/1990,***-**-5882,MA
Vanessa,Petersen,1828,05/17/1966,***-**-8659,PA
Jessica,Moore,1804,03/27/1958,***-**-0396,IA
Ryan,Moreno,1403,07/25/1974,***-**-2902,GA
Tony,Banks,1520,09/15/1991,***-**-7821,MN
Christina,Marshall,1635,04/07/1966,***-**-6940,IA
Andrew,Sutton,1666,01/18/1983,***-**-2345,HI
Tom,Mayer,652,02/09/1986,***-**-3480,VT
Cassandra,Gordon,2038,02/21/1984,***-**-2243,NY
Cameron,Silva,788,06/11/1980,***-**-7963,MA
Cheryl,Flores,734,08/13/1986,***-**-5566,DE
Jennifer,Newman,2067,04/05/1964,***-**-3067,NE
Peter,Miller,1137,06/27/1968,***-**-5656,OK
Ashley,Smith,1792,03/17/1990,***-**-1428,NE
Brianna,Brown,488,06/28/1988,***-**-3009,AL
Peter,Hansen,2114,07/27/1980,***-**-4935,RI
Jimmy,Hunter,2026,12/11/1988,***-**-2553,ID
Angela,Randall,759,12/03/1982,***-**-3666,NY
Brandon,Gomez,175,04/30/1980,***-**-9117,CO
Shawn,Smith,385,06/11/1976,***-**-3742,NH
Marcus,Garza,1807,04/01/1960,***-**-3499,TN
Amber,White,711,03/27/1967,***-**-8793,LA
Ashley,Shepard,1861,07/24/1972,***-**-2653,OH
Maurice,Palmer,1894,09/11/1980,***-**-6048,LA
Richard,Ward,833,09/15/1959,***-**-4384,MO
Robert,Bailey,939,06/22/1980,***-**-0849,CO
Jose,Dodson,2029,01/12/1969,***-**-2007,NC
Jeanette,Hart,194,10/22/1965,***-**-4052,NJ
John,Shepard,1801,07/11/1975,***-**-7873,NH
Jennifer,Stafford,526,11/19/1978,***-**-3340,West VA
Jenny,Morgan,610,10/02/1992,***-**-3732,KS
Jill,Haynes,94,03/15/1979,***-**-9789,NY
Matthew,Aguirre,1195,04/06/1981,***-**-3346,NM
Joshua,King,213,01/04/1994,***-**-3279,VA
Vincent,Howard,17,05/11/1972,***-**-3520,MD
Kimberly,Acevedo,1755,09/04/1968,***-**-1279,MA
Cameron,Griffith,1505,01/09/1986,***-**-0633,MA
Angela,Love,1899,03/12/1974,***-**-7067,KS
Larry,Roach,1692,07/13/1971,***-**-2498,VA
Kimberly,Fleming,1248,04/09/1985,***-**-6799,IA
Vanessa,Wells,1587,09/14/1993,***-**-3702,NV
Brenda,Russell,1621,10/24/1983,***-**-1775,MD
Julia,Reynolds,30,07/10/1969,***-**-5553,ID
Scott,Kane,239,08/16/1969,***-**-9499,West VA
Jenny,Thompson,1557,12/29/1988,***-**-5801,SD
Robert,Castro,1829,04/20/1977,***-**-6975,MI
James,Miller,1290,08/12/1966,***-**-2119,ME
Audrey,Murphy,1464,07/12/1962,***-**-8969,ID
Dana,Cox,751,01/12/1980,***-**-4163,UT
Kiara,Riley,986,06/12/1988,***-**-6560,KS
Isabella,Marshall,1673,01/11/1957,***-**-9744,WA
Amanda,Wright,1313,12/05/1973,***-**-7528,TX
Nicholas,Weaver,1508,03/22/1976,***-**-4980,AL
Erin,Snyder,210,02/24/1976,***-**-9700,NC
Donna,Bolton,442,06/16/1990,***-**-6047,AZ
Brittany,Murphy,1687,01/05/1985,***-**-0297,MT
Cynthia,Roberts,262,03/08/1969,***-**-9922,GA
Steven,Russell,406,03/21/1974,***-**-0698,IL
Bernard,Torres,454,08/04/1977,***-**-7636,NE
Tiffany,Terrell,1730,07/08/1967,***-**-7361,IL
Donna,Mason,1164,03/20/1971,***-**-3768,OK
Stephanie,Melton,634,01/23/1977,***-**-0043,NC
Sylvia,Jackson,273,04/18/1986,***-**-2148,IA
Theresa,Williams,1364,01/10/1965,***-**-4890,VA
Dana,Zimmerman,59,03/31/1973,***-**-8983,NJ
Alex,Morris,1113,07/24/1975,***-**-6079,VT
Marc,Mason,443,10/16/1983,***-**-0467,NH
Cameron,Guerra,638,05/14/1958,***-**-6206,NJ
Charles,Olsen,275,11/16/1956,***-**-6474,MT
Joshua,Schneider,1995,08/27/1967,***-**-4288,MO
Edwin,Baker,774,04/14/1969,***-**-1199,MN
Jasmine,Jordan,676,08/20/1992,***-**-9773,PA
Sean,Dunn,100,02/20/1970,***-**-8722,KS
Megan,Schwartz,827,06/14/1990,***-**-4732,FL
Derrick,Gallagher,322,09/14/1960,***-**-1589,VT
Lindsey,Jones,219,10/18/1991,***-**-3838,AZ
Monique,Martinez,1618,08/14/1963,***-**-9950,FL
Steven,Soto,1990,09/23/1975,***-**-7166,TX
Wendy,Peck,1877,10/18/1981,***-**-4054,PA
Ryan,Bailey,1690,05/17/1957,***-**-6255,IN
Jessica,Smith,1853,05/07/1957,***-**-2947,ME
Ashley,Fox,1554,01/21/1964,***-**-4516,ID
Luis,Horn,1866,05/02/1962,***-**-4696,MA
Brent,Schneider,988,09/27/1957,***-**-8569,ND
Gail,Rodriguez,1385,10/01/1991,***-**-8941,VA
Jason,Baker,857,02/16/1980,***-**-9908,TN
Amanda,Gomez,2037,05/03/1962,***-**-2194,AK
Edward,Valdez,1201,08/05/1972,***-**-5545,ND
Kelly,Brandt,690,01/12/1979,***-**-9046,ME
Christopher,Carrillo,948,01/09/1958,***-**-4103,MI
Elizabeth,Potter,208,07/02/1962,***-**-5640,MT
Timothy,Howard,2024,10/08/1989,***-**-1253,IA
Rebecca,Pollard,683,04/29/1984,***-**-1865,KY
Stephen,Short,1814,08/15/1970,***-**-1323,PA
Michael,Odom,478,07/25/1973,***-**-9368,MS
Pamela,Lawrence,1419,02/01/1978,***-**-2412,KY
David,Young,203,11/09/1982,***-**-7690,HI
Michael,Bass,1569,10/03/1975,***-**-9503,SD
Brandon,Medina,1325,01/24/1991,***-**-0987,MA
Peter,Shepard,1615,12/01/1983,***-**-3577,KY
Jessica,Moore,291,09/14/1959,***-**-3396,MD
Amy,Keith,695,12/06/1968,***-**-1932,GA
Scott,Cook,1070,04/19/1985,***-**-6522,RI
Samuel,Schmitt,904,05/09/1960,***-**-3184,MD
Tina,Stewart,2099,09/18/1963,***-**-3569,NH
Dorothy,White,393,08/27/1960,***-**-8706,PA
Ashley,Bowers,330,07/08/1974,***-**-0139,CA
Jermaine,Watson,1876,03/09/1965,***-**-6762,NJ
Frank,Delgado,1604,09/26/1965,***-**-1186,WY
April,Bradley,1712,07/20/1982,***-**-2371,TX
Jessica,Brandt,747,01/09/1983,***-**-3653,AR
John,Blankenship,796,01/25/1961,***-**-4697,MD
Jason,Barber,1303,01/31/1974,***-**-2267,RI
Kim,Delgado,783,06/24/1971,***-**-5421,DE
Veronica,Rangel,187,06/20/1958,***-**-5671,WI
Margaret,Hammond,656,02/07/1974,***-**-2207,OK
Rebecca,Mcbride,1864,02/21/1966,***-**-4226,SD
Tina,Anderson,257,02/17/1968,***-**-8693,NH
Jessica,Rodriguez,1946,11/13/1992,***-**-5170,NY
Jason,Jones,301,03/31/1970,***-**-3300,LA
Mike,Rice,1471,02/25/1984,***-**-7394,GA
Michael,Williams,1045,07/22/1989,***-**-2875,WI
Sarah,Kane,2074,07/30/1980,***-**-9475,GA
Chad,Koch,1735,09/20/1965,***-**-5358,KY
Lisa,Oneal,1987,11/03/1957,***-**-1248,PA
Donna,Robinson,1460,02/24/1985,***-**-9275,WI
Colton,Fisher,495,07/29/1957,***-**-7854,ID
Cody,Hardy,2014,10/04/1969,***-**-5576,TX
Brooke,Mckee,1862,05/10/1993,***-**-4110,TX
Luke,Adams,1741,09/11/1977,***-**-8540,SC
Sara,Wilson,1296,04/29/1957,***-**-2024,AR
Brandon,Thomas,900,11/11/1994,***-**-2838,RI
Michael,Kim,1813,08/03/1981,***-**-3695,NY
Claire,Andrade,1154,06/28/1994,***-**-6044,WI
Diane,Jones,1102,03/29/1983,***-**-8549,NE
Stephanie,Robinson,2045,09/21/1988,***-**-8989,NJ
Eric,Guerrero,1229,02/06/1959,***-**-6912,FL
Robert,Bennett,337,12/07/1976,***-**-2907,AZ
Alexa,Thompson,1278,09/26/1984,***-**-9583,IL
Anita,Eaton,1239,07/06/1966,***-**-5925,RI
Richard,Smith,2050,01/29/1993,***-**-8035,MN
Jeremy,Lopez,643,08/16/1993,***-**-1218,MO
Grant,Sanchez,1698,01/27/1992,***-**-8505,GA
Robert,Weber,1363,01/05/1960,***-**-8958,MO
Amy,Sanchez,1998,12/05/1974,***-**-3625,AL
Tanner,Esparza,1936,02/23/1973,***-**-3742,OK
Denise,Lane,909,07/22/1986,***-**-3327,ID
Dennis,Leblanc,51,03/01/1994,***-**-6198,IL
Michelle,Wade,1701,12/27/1985,***-**-9162,LA
Valerie,Adkins,1892,11/01/1959,***-**-5882,CO
Caleb,Hall,945,07/04/1982,***-**-3125,IN
Evan,Parker,1826,11/18/1991,***-**-7213,PA
Amy,Delgado,159,01/11/1984,***-**-9583,MT
Logan,Moss,480,07/28/1990,***-**-9460,West VA
Danielle,Davis,1676,03/23/1974,***-**-4665,HI
Brian,Martin,268,03/25/1986,***-**-0991,HI
Travis,Keith,551,07/28/1963,***-**-4320,NM
Abigail,Jacobs,782,03/08/1974,***-**-1596,NV
Gabrielle,Wise,1244,08/11/1960,***-**-4965,MA
Paul,Suarez,1971,10/07/1962,***-**-6300,RI
Michael,Ochoa,1430,08/09/1986,***-**-9602,TX
Daniel,Pacheco,295,01/09/1975,***-**-9820,MN
Austin,Jackson,631,04/06/1970,***-**-8701,MO
Patricia,Patterson,1806,06/27/1965,***-**-8753,IA
Diane,Green,1629,10/24/1969,***-**-3033,WY
Louis,Flynn,410,11/09/1988,***-**-3481,CA
Nancy,Schmidt,1916,03/01/1969,***-**-9447,SC
Jaclyn,Cunningham,808,11/02/1963,***-**-8956,SD
Elizabeth,Davis,143,10/12/1964,***-**-4168,NV
Jacqueline,Donaldson,675,09/07/1966,***-**-5320,KY
Gabriel,Mitchell,1462,02/08/1959,***-**-8486,NY
Sara,Barajas,2048,10/04/1990,***-**-8344,VT
Ann,Williams,674,03/06/1983,***-**-5252,CA
Justin,Baker,1150,07/02/1982,***-**-2028,MI
Kimberly,Lee,941,09/19/1961,***-**-2156,MA
Karen,Roberts,707,01/21/1975,***-**-9717,IL
Miguel,Gonzales,1977,10/26/1965,***-**-2152,West VA
Alexandra,Barrett,1417,07/20/1967,***-**-9720,CT
Jeffrey,Garcia,620,06/05/1965,***-**-0488,IA
Elizabeth,Bautista,735,05/04/1993,***-**-8946,MT
Danielle,Kemp,2106,10/27/1980,***-**-5272,OK
Melinda,Miller,1406,03/01/1974,***-**-2932,GA
Cindy,Wagner,1273,05/21/1962,***-**-6272,MI
Rebecca,Kirby,1957,10/27/1957,***-**-7876,IL
Jeremy,Jefferson,2042,03/16/1992,***-**-4470,OH
Vincent,Thomas,668,03/31/1962,***-**-5867,HI
Cameron,Jones,1791,11/12/1988,***-**-5160,MI
Alicia,Morales,950,06/28/1965,***-**-5920,HI
Dylan,White,1580,07/18/1992,***-**-0048,OH
Lauren,Price,67,06/30/1975,***-**-5316,MI
Diane,Buck,1632,04/09/1976,***-**-5953,NE
Brian,Harper,1080,01/02/1967,***-**-3047,PA
Tim,Allen,190,01/08/1973,***-**-4264,West VA
Sierra,Cortez,1477,03/24/1974,***-**-5367,WA
Thomas,Garza,1338,09/23/1987,***-**-5832,DE
Daniel,Ramirez,181,12/31/1976,***-**-8963,NY
Crystal,Ellis,1966,03/09/1958,***-**-0049,NH
Stefanie,Carpenter,150,06/26/1978,***-**-4588,KY
Timothy,Cameron,2019,04/23/1960,***-**-8743,KY
Brandi,Gregory,1149,04/15/1983,***-**-5829,NC
Victoria,Daniels,1162,06/08/1966,***-**-9427,NM
Steven,Washington,1108,08/23/1963,***-**-1988,AL
Michelle,Wright,935,02/19/1969,***-**-6564,UT
Keith,Carter,106,08/16/1957,***-**-0345,VT
Nathan,Cruz,692,09/16/1970,***-**-8620,HI
Robert,Gonzales,122,08/02/1968,***-**-1916,GA
Matthew,Garcia,2081,04/13/1983,***-**-8684,KS
Gina,Green,1568,03/01/1960,***-**-3706,TN
Barbara,York,1895,02/17/1975,***-**-9106,VT
Crystal,French,1194,10/04/1979,***-**-1489,UT
Kathy,Bryant,1190,10/12/1988,***-**-3187,MO
Brittney,Lin,271,09/02/1993,***-**-2328,MN
Lindsay,Francis,1772,01/30/1976,***-**-4190,GA
Bryan,Torres,1765,06/02/1985,***-**-6406,IL
Michael,Crawford,1727,05/31/1982,***-**-1246,HI
Anna,Mann,161,12/09/1969,***-**-3666,SD
Richard,Bowers,628,07/12/1978,***-**-9051,ME
Jennifer,Welch,1203,09/14/1967,***-**-4330,MA
Megan,Phillips,489,06/13/1986,***-**-7101,WY
Anthony,Garcia,546,10/30/1965,***-**-6626,MI
Courtney,Hughes,713,06/21/1975,***-**-3393,NM
Jennifer,Allison,1880,12/24/1989,***-**-8151,DE
Randy,Smith,637,11/19/1979,***-**-7796,AR
Christopher,Harris,1272,02/23/1989,***-**-7997,CA
Laura,Salazar,1900,07/12/1959,***-**-8642,OR
Kristi,Harrell,966,06/09/1968,***-**-1401,WI
Christine,Brown,1186,03/22/1974,***-**-1339,NY
Rachel,Morris,1491,06/03/1975,***-**-9640,AL
Daniel,Hanson,1088,10/24/1972,***-**-3739,KY
Geoffrey,Lee,343,09/14/1993,***-**-6931,West VA
Thomas,Murphy,717,02/07/1987,***-**-8386,RI
Randall,Anderson,1361,02/10/1962,***-**-8197,WI
Amy,Dominguez,1725,09/18/1984,***-**-8377,West VA
Danielle,Stanley,1654,04/07/1973,***-**-1073,FL
Michael,Henry,1599,03/04/1981,***-**-2634,WY
Jessica,Thompson,1974,01/10/1968,***-**-7127,CO
Christopher,Valenzuela,1714,01/23/1973,***-**-7702,VA
Jesse,Baker,97,12/20/1989,***-**-6515,IL
Charles,Crawford,1901,10/26/1991,***-**-8999,WY
James,Austin,1972,12/23/1961,***-**-3614,KS
Christopher,Miller,1448,11/17/1987,***-**-9999,LA
Kari,Howe,1788,07/29/1961,***-**-2386,WI
Gerald,Everett,214,05/19/1965,***-**-4232,VT
Brian,Snyder,1073,10/16/1962,***-**-8265,NY
Brian,Young,86,05/27/1968,***-**-9571,AL
John,Snow,6,03/04/1969,***-**-5075,GA
Tanya,Maxwell,2041,06/28/1992,***-**-4019,ND
Jill,Keller,769,04/11/1992,***-**-9735,NV
Samantha,Cruz,2007,09/18/1967,***-**-3798,CT
Amy,Jones,1123,11/12/1973,***-**-4671,CO
Nathaniel,Dominguez,779,11/24/1976,***-**-9952,KY
Barbara,Allen,1506,11/11/1963,***-**-8520,MN
Sergio,Bass,358,12/23/1959,***-**-5957,NH
Jeremy,Cunningham,2117,04/13/1967,***-**-1623,CT
Michelle,Wheeler,1497,10/14/1988,***-**-2060,CO
Brooke,Roberts,1236,04/26/1975,***-**-0727,SD
Mary,Thomas,622,12/18/1963,***-**-1656,MI
Taylor,Curry,1588,05/23/1983,***-**-8049,AR
Julian,Hudson,789,09/05/1971,***-**-2441,WY
Kara,Collins,1639,01/27/1966,***-**-0133,RI
Aaron,Curtis,74,01/13/1991,***-**-1609,AK
Jennifer,Boyd,49,06/26/1975,***-**-5668,MA
Maria,Eaton,1863,09/24/1970,***-**-9821,WY
Eric,Fry,1603,11/05/1968,***-**-8303,NY
Jillian,Jones,2090,07/17/1973,***-**-0820,PA
Jennifer,Franklin,348,06/24/1987,***-**-4530,IL
John,Carter,973,07/17/1965,***-**-3573,CA
Joshua,Allen,481,06/26/1984,***-**-0650,IA
Kimberly,Foster,1455,06/22/1965,***-**-7792,GA
Joshua,Lopez,802,01/20/1976,***-**-6314,IN
Joseph,Brooks,2095,11/08/1994,***-**-0968,OK
Bethany,Williams,64,06/24/1971,***-**-7606,VT
Aaron,Ward,958,09/12/1971,***-**-6340,VA
Kevin,Hawkins,1136,06/13/1980,***-**-4639,SD
Michael,Hall,1447,02/28/1970,***-**-4979,VT
Brianna,Lester,866,04/21/1990,***-**-8063,NV
Joanna,Chavez,300,08/31/1989,***-**-9580,IA
Michael,Jimenez,627,01/30/1968,***-**-8278,IN
Jane,Murphy,171,10/23/1961,***-**-9115,WA
Kathryn,Perez,412,06/08/1975,***-**-7806,AR
Timothy,Smith,568,10/29/1991,***-**-7591,NE
Kelly,Hayes,494,03/16/1977,***-**-8491,AZ
James,Contreras,1674,09/30/1971,***-**-8665,LA
Keith,Shaw,129,03/14/1975,***-**-9267,IN
Kendra,Sutton,7,08/22/1984,***-**-2567,WI
Anne,Lawrence,589,07/03/1973,***-**-4532,UT
Richard,Powers,1886,08/17/1990,***-**-5848,AR
Adam,Wells,308,11/14/1988,***-**-0097,VA
Stephen,Wolfe,1841,12/18/1979,***-**-2132,KS
George,Silva,1377,03/23/1992,***-**-7345,SC
Anthony,Fuentes,463,12/19/1985,***-**-3936,IL
Scott,Wood,99,05/14/1993,***-**-9666,WY
Lance,Perez,2044,08/06/1960,***-**-7348,MO
Melissa,Snyder,1810,09/03/1981,***-**-0592,HI
Sandra,Olson,1770,03/31/1957,***-**-9854,IA
Daniel,Rosario,1410,02/28/1982,***-**-4641,ND
Dominique,Key,885,05/18/1974,***-**-0919,TN
Evelyn,Gordon,1353,10/02/1974,***-**-4793,NE
Michael,Bauer,453,06/28/1977,***-**-8715,AR
Angela,Johnson,169,09/26/1979,***-**-7252,NY
Benjamin,Dunn,1747,08/30/1993,***-**-8382,AZ
Ronald,Craig,1630,09/22/1976,***-**-5153,AZ
Ashley,Adams,585,06/19/1973,***-**-1024,CA
Elizabeth,Bell,535,09/10/1975,***-**-9823,OR
Alyssa,Hernandez,39,09/24/1990,***-**-5791,WA
Caleb,Thompson,88,04/11/1990,***-**-3511,NH
John,Campbell,1245,03/29/1974,***-**-5123,MI
Russell,Lewis,844,01/04/1978,***-**-4842,LA
Douglas,Garcia,346,04/27/1987,***-**-6456,West VA
Javier,Burch,315,08/30/1981,***-**-9883,OK
Alison,Ware,166,02/14/1975,***-**-3971,NY
Timothy,Brown,564,10/30/1980,***-**-5939,GA
Pamela,Schmidt,2093,05/11/1958,***-**-4650,WY
Annette,Clarke,408,12/04/1985,***-**-5216,AL
Douglas,Meyer,853,11/28/1967,***-**-8451,AK
John,Padilla,1100,01/25/1980,***-**-7063,WY
Kelly,Ramsey,462,08/16/1989,***-**-0825,IL
Jennifer,Mcclure,547,12/16/1982,***-**-8291,MI
Stephen,Gonzalez,1182,06/23/1963,***-**-9897,TN
Stacy,Bryant,724,11/17/1975,***-**-9307,TX
Ronald,Wright,466,01/23/1982,***-**-7430,WA
Stephanie,Garcia,2010,04/08/1960,***-**-8073,AL
Johnny,Walter,1833,10/26/1963,***-**-3244,KS
Sarah,Coffey,227,09/25/1973,***-**-3020,NY
Katherine,Hart,420,10/14/1976,***-**-2031,VT
Olivia,Smith,616,05/18/1986,***-**-8043,KS
Erin,Patterson,1984,09/20/1991,***-**-6143,AL
Michael,Gray,1686,06/04/1970,***-**-9774,UT
Joshua,Jones,195,05/09/1980,***-**-6659,NC
Beverly,Moore,320,03/03/1958,***-**-5721,CA
Paige,Brown,426,03/02/1959,***-**-9459,AK
Laurie,Miles,1358,09/12/1978,***-**-0240,HI
Aaron,Dillon,1488,09/18/1958,***-**-1764,CT
Sharon,Davis,328,06/28/1994,***-**-9341,KY
Jack,Turner,1574,01/30/1975,***-**-3773,NJ
Sandra,Patton,992,08/11/1959,***-**-2081,WA
David,Williams,1260,09/28/1965,***-**-6692,OR
Jeffrey,Hardy,1414,05/30/1980,***-**-2321,AK
Steven,Cline,1428,12/15/1966,***-**-8827,UT
Jonathan,Diaz,428,04/09/1990,***-**-6965,NY
Eric,Lyons,1304,06/17/1980,***-**-4052,VT
Lori,Scott,1457,08/16/1966,***-**-4533,MI
Scott,Jones,1032,12/12/1976,***-**-7186,MT
Rhonda,Day,639,02/11/1958,***-**-4229,MT
David,Young,687,08/28/1977,***-**-5727,PA
Ryan,Jackson,975,06/19/1982,***-**-3652,OK
Alex,Leonard,1848,11/01/1986,***-**-3475,West VA
Michele,Cross,1842,12/22/1988,***-**-0952,ND
Stephen,Lopez,1217,10/01/1978,***-**-0888,IN
Laura,Vasquez,4,01/19/1968,***-**-5984,NV
Sharon,Weber,1661,09/12/1966,***-**-2610,ME
Eric,Obrien,1776,05/07/1985,***-**-9661,AL
Frederick,Mullen,1707,09/03/1980,***-**-9367,OR
Carla,Simpson,861,10/27/1975,***-**-6697,MS
Corey,Garcia,1944,07/16/1972,***-**-7809,OH
Justin,Phillips,499,09/01/1960,***-**-1377,NC
Timothy,Smith,135,04/21/1994,***-**-1291,KY
Suzanne,Hill,2102,10/25/1991,***-**-7170,NJ
Stacey,Burgess,1048,12/15/1967,***-**-5899,MT
Kelly,Perez,2105,03/12/1963,***-**-7123,NE
Jennifer,Wagner,1985,07/31/1977,***-**-3321,OH
George,Williams,1469,02/27/1962,***-**-3096,NC
Michael,David,52,03/09/1971,***-**-6617,AL
John,Perez,1258,01/01/1994,***-**-7828,RI
Nicole,Sherman,1577,01/07/1982,***-**-3201,West VA
Teresa,Macias,196,08/01/1989,***-**-3312,WA
Benjamin,Lee,1115,10/19/1988,***-**-4752,VA
Jodi,Anderson,1064,03/21/1976,***-**-6103,MD
Matthew,Ritter,1501,02/08/1965,***-**-2355,NY
Lauren,Howard,1598,11/21/1965,***-**-2196,OR
Richard,Butler,267,12/10/1985,***-**-1460,NE
Katrina,Freeman,403,11/09/1969,***-**-7170,KS
Whitney,Graham,18,09/26/1968,***-**-3110,IN
Anna,Mills,2058,07/09/1974,***-**-5746,ID
Lisa,Avila,1785,02/03/1994,***-**-1528,PA
Darrell,Stevens,151,04/29/1986,***-**-6328,MT
Hayden,Norman,1151,02/20/1986,***-**-6410,VA
Anthony,Baker,2071,02/21/1962,***-**-4451,LA
Jonathan,Pierce,1970,12/19/1959,***-**-8992,MI
Rachael,Norton,331,12/23/1972,***-**-7804,IN
Rachel,Blackburn,1715,05/26/1964,***-**-3968,TX
Gabrielle,Rodriguez,645,04/12/1988,***-**-2821,MI
Katherine,Prince,1530,08/13/1990,***-**-4732,OH
Amy,Ellis,289,07/18/1991,***-**-8269,GA
Christopher,Jordan,1431,12/26/1960,***-**-4964,AR
John,Hancock,2015,04/01/1983,***-**-3528,TX
Pamela,Wang,376,06/22/1964,***-**-5305,VA
Cynthia,Campbell,248,03/03/1974,***-**-4326,NM
Kristi,Mccoy,864,09/28/1985,***-**-3151,CO
Karen,Jacobs,15,04/13/1977,***-**-4171,CO
Jennifer,Johnson,321,12/06/1989,***-**-3693,NH
Carla,Hughes,360,05/24/1987,***-**-1835,VT
Ernest,Oliver,1537,02/09/1988,***-**-2396,MO
Tyler,Blackwell,801,01/25/1963,***-**-8949,CT
Bethany,Weber,1650,06/10/1962,***-**-0793,KY
Richard,Alvarez,1449,12/17/1983,***-**-2399,ID
Kimberly,Stevens,1339,04/22/1968,***-**-5276,NV
Emily,Mitchell,1939,12/15/1993,***-**-6049,NE
Sherry,Fernandez,1009,04/23/1968,***-**-8164,AK
Danielle,Manning,446,05/21/1961,***-**-2579,MD
Deanna,Acosta,1670,05/04/1958,***-**-5562,AK
Kristin,Dawson,849,03/16/1981,***-**-4356,RI
Sarah,Moreno,1351,05/11/1988,***-**-7060,SC
Stephanie,Flores,1392,03/30/1967,***-**-0809,TN
Sharon,Jones,1234,07/18/1964,***-**-7077,CT
Robin,Coleman,829,07/20/1964,***-**-9488,SC
Cindy,Hopkins,1046,03/25/1966,***-**-4307,KS
Peter,Hernandez,1249,12/20/1961,***-**-7684,ME
William,Ray,141,09/24/1961,***-**-8062,SC
Cheryl,Smith,507,12/21/1978,***-**-9119,NE
Christopher,Glover,1838,03/14/1970,***-**-0848,NV
Sharon,Leblanc,1145,05/15/1967,***-**-0490,ME
David,Price,592,04/19/1981,***-**-0393,West VA
John,Patel,819,01/25/1987,***-**-9381,VA
Victor,Cole,1405,07/01/1959,***-**-6357,WY
Karen,Heath,784,03/07/1974,***-**-9945,CA
Paul,Allen,1572,11/07/1981,***-**-5698,LA
Kristina,Johnson,1240,02/14/1980,***-**-5010,NJ
Dominic,Ramos,1077,03/19/1982,***-**-8256,VT
Brandon,House,93,06/06/1979,***-**-4394,NJ
Sandra,Kelly,83,05/09/1985,***-**-4847,NH
Anthony,Melton,2070,04/08/1991,***-**-9353,NM
Yvette,Duke,261,11/08/1976,***-**-9549,IL
Michael,Henry,974,03/27/1974,***-**-2095,NE
Emily,Taylor,1700,04/14/1973,***-**-2018,IA
Peggy,Mcdaniel,1166,01/04/1988,***-**-3459,WA
Teresa,Murphy,207,02/13/1971,***-**-1236,MD
Natalie,Ward,137,03/04/1992,***-**-8729,HI
Jacqueline,Kirby,89,12/04/1975,***-**-1802,ID
Amanda,Young,1031,08/06/1977,***-**-9361,WY
Russell,Zavala,1872,02/09/1973,***-**-2734,NY
Nicole,Carpenter,1564,02/17/1973,***-**-6993,SC
Bradley,Wagner,1732,01/02/1994,***-**-3583,TX
Marie,Bailey,460,08/23/1969,***-**-9692,NH
Rebecca,Roach,5,05/19/1965,***-**-6554,ND
Chad,Duncan,1689,06/29/1958,***-**-9407,NE
Mark,Thompson,361,06/15/1976,***-**-1322,NE
Suzanne,Rhodes,823,04/28/1980,***-**-1958,NC
Melissa,Reyes,846,08/20/1984,***-**-2985,LA
Samuel,Phillips,1627,06/19/1972,***-**-8806,MI
James,Cortez,744,11/23/1986,***-**-8728,NJ
Randall,Whitehead,125,11/07/1962,***-**-9200,VA
Matthew,Richardson,1468,05/13/1962,***-**-0719,SD
Sandra,Myers,79,04/05/1959,***-**-2873,NM
Natasha,Davis,1865,01/12/1977,***-**-1572,WY
Susan,Diaz,1642,11/24/1976,***-**-6920,WI
Nicholas,Nguyen,1637,07/13/1974,***-**-5394,NH
Michael,Welch,1745,03/12/1980,***-**-0630,West VA
Jennifer,Yates,117,09/13/1971,***-**-8351,RI
Gail,Bradshaw,1485,02/10/1990,***-**-2069,NM
Anthony,Mills,913,08/29/1959,***-**-7435,RI
Christina,Winters,1003,01/27/1958,***-**-1063,AZ
Tracey,Gomez,199,07/12/1959,***-**-2801,NJ
Angela,Hart,2052,07/07/1961,***-**-8217,IL
Katherine,Baird,12,03/30/1980,***-**-1191,NJ
Jennifer,Bradley,1667,07/30/1965,***-**-2170,TN
Hunter,Payne,1412,10/10/1971,***-**-2149,TN
Amy,Black,241,04/27/1974,***-**-4888,NJ
James,Mccormick,474,04/15/1962,***-**-8300,OK
Michael,Edwards,1004,02/08/1981,***-**-2239,AZ
William,Johnson,2103,11/13/1973,***-**-7808,MO
Heather,Thompson,1884,07/27/1970,***-**-2820,HI
John,Gibson,1315,10/24/1961,***-**-4643,LA
Laurie,Elliott,1301,08/02/1964,***-**-9421,CO
James,Neal,332,07/18/1966,***-**-1272,GA
Eric,Moore,1232,01/01/1964,***-**-6218,WA
Corey,White,1815,05/18/1979,***-**-2974,CA
Kenneth,Holmes,800,10/01/1991,***-**-2289,MI
Daniel,Mason,1933,06/12/1974,***-**-3217,CT
John,Warren,319,07/07/1993,***-**-4238,ID
Julie,Taylor,1752,01/17/1989,***-**-2015,ME
Kathryn,Carpenter,223,10/31/1991,***-**-2644,WI
Kathy,Castillo,1811,02/18/1977,***-**-5318,AR
Kendra,Wood,1665,11/22/1960,***-**-7560,OH
Elizabeth,Johnson,105,06/27/1968,***-**-8484,NC
Katherine,Johnson,517,12/09/1983,***-**-5126,MI
Linda,Day,1631,06/01/1970,***-**-8740,AK
Brandon,Ho,1529,12/11/1992,***-**-4498,NV
Timothy,Martin,63,04/10/1985,***-**-9876,FL
Chad,Zimmerman,618,09/20/1979,***-**-6293,NM
Dylan,Parker,583,02/18/1981,***-**-3245,IL
Kylie,Mccormick,2025,02/22/1983,***-**-4307,DE
Jason,Reyes,1261,10/14/1985,***-**-9108,CO
Arthur,Carlson,461,12/09/1990,***-**-0609,WI
Kevin,Wyatt,437,07/11/1975,***-**-1089,NE
Michelle,Skinner,591,09/18/1975,***-**-4888,ME
William,Grant,1250,04/26/1970,***-**-4808,PA
Cassie,White,1489,10/14/1972,***-**-2610,OK
Jimmy,Carney,746,01/23/1990,***-**-9509,MO
Daniel,Jones,1135,09/05/1974,***-**-3456,LA
Austin,Oliver,613,12/09/1970,***-**-2351,WY
Michael,Welch,1308,04/18/1992,***-**-6942,RI
Derek,Payne,1016,03/26/1970,***-**-1519,WA
Eric,Dominguez,1483,11/05/1966,***-**-4746,RI
William,Burns,182,01/11/1979,***-**-3068,TX
Andrew,Nguyen,1293,12/24/1972,***-**-3264,KS
Cheryl,Salazar,167,03/14/1991,***-**-7968,TX
Karen,Williams,1436,08/13/1987,***-**-2151,AR
Todd,Reyes,56,03/28/1970,***-**-3675,VT
Andrew,Williams,1381,09/16/1968,***-**-5827,NE
Jeffrey,Mathews,355,02/25/1957,***-**-1447,CT
Victoria,Reeves,1855,05/09/1970,***-**-1972,CT
Aaron,Munoz,1657,11/10/1986,***-**-0581,OR
Larry,Smith,1387,03/09/1959,***-**-9634,UT
Zachary,Hall,709,02/14/1981,***-**-0846,IL
Andrea,Aguilar,893,05/22/1979,***-**-1821,KS
Christopher,Bauer,685,10/12/1981,***-**-5742,MO
Charles,Fry,725,02/26/1976,***-**-6923,CT
Joshua,Mann,1515,05/02/1977,***-**-2818,OR
Diana,Smith,1559,08/20/1992,***-**-0859,VT
Michelle,Kennedy,968,04/03/1987,***-**-1154,WI
Christine,Sims,903,05/30/1977,***-**-0585,SD
Frederick,Moody,1908,12/14/1983,***-**-8461,AK
Kevin,Smith,1238,11/17/1977,***-**-2592,NC
Amy,Sampson,1498,03/14/1971,***-**-1910,IN
Vanessa,Edwards,1856,12/08/1993,***-**-2861,PA
Daniel,Mitchell,1524,03/23/1972,***-**-1942,NV
Jessica,Rivera,130,12/08/1985,***-**-7802,MN
Amy,Dickson,1341,08/15/1987,***-**-6803,RI
Stephen,Johnson,679,03/18/1973,***-**-6635,MT
Bryan,Hartman,349,07/31/1973,***-**-5028,CT
Jason,Buck,2002,04/25/1964,***-**-2468,CA
Adrian,Hartman,1259,08/31/1982,***-**-6535,CO
Gabrielle,Sampson,1318,10/29/1985,***-**-6945,IL
Nancy,Montoya,1207,09/18/1980,***-**-9310,IN
Theresa,Daniels,1094,09/21/1961,***-**-4320,NC
Tammy,Jones,1581,10/06/1962,***-**-9069,CO
Caitlin,Orozco,925,07/20/1990,***-**-9661,OK
Michael,Michael,1324,03/02/1975,***-**-6357,VT
Daniel,Edwards,146,11/07/1967,***-**-0900,NJ
Nicholas,Mclaughlin,797,07/10/1962,***-**-4974,OK
Heather,Fisher,856,12/03/1961,***-**-0333,TN
John,Wade,479,09/24/1992,***-**-4931,IN
Timothy,Moore,503,12/25/1986,***-**-1862,NH
Christopher,Santos,1342,02/09/1989,***-**-1539,VT
Jessica,Bennett,1910,06/11/1985,***-**-3499,FL
David,Ochoa,1668,01/08/1972,***-**-4198,SC
Joseph,Ellis,1575,02/08/1958,***-**-5537,MS
Shelia,Jones,1693,09/27/1962,***-**-6040,FL
Kelli,Garcia,425,01/26/1982,***-**-3958,KS
John,Odonnell,572,11/04/1966,***-**-7711,AR
Shawn,Phelps,1902,02/02/1972,***-**-9307,NC
Samantha,Dunlap,561,02/14/1977,***-**-2309,TX
Lawrence,Hall,2098,05/11/1994,***-**-9377,MD
Christopher,Hernandez,702,12/04/1985,***-**-7847,KY
Christopher,Smith,436,09/29/1988,***-**-4989,NE
Jennifer,Lindsey,1589,11/15/1977,***-**-8382,ND
Brent,Gillespie,963,10/28/1959,***-**-8806,West VA
James,Macias,1958,04/20/1960,***-**-4913,NH
Tamara,Grant,1734,03/21/1968,***-**-6745,MO
Angelica,Mejia,1388,10/11/1990,***-**-5190,MD
Erica,Moore,976,01/04/1981,***-**-6562,LA
Kyle,Berry,1191,12/12/1974,***-**-2612,MT
Christine,Parks,1887,08/06/1992,***-**-5992,ND
Holly,Jacobs,1716,02/05/1973,***-**-9418,KS
Crystal,Ramos,221,05/01/1968,***-**-9392,NC
Heather,Franklin,1737,06/04/1977,***-**-3245,AK
Cameron,Kennedy,922,03/25/1969,***-**-9205,TN
Megan,Mendoza,1664,04/27/1984,***-**-9281,OH
James,Stanley,1663,08/08/1988,***-**-5348,CO
Ricardo,Price,1465,03/19/1986,***-**-0586,SD
Deanna,Lopez,340,04/04/1957,***-**-2027,CT
Juan,Beasley,363,07/30/1962,***-**-8974,KS
Steven,Cain,1638,05/20/1982,***-**-0881,GA
Mary,Green,1281,08/15/1994,***-**-8216,ND
Christine,Ibarra,754,12/11/1971,***-**-4542,WI
Stacey,Luna,1486,09/03/1961,***-**-7957,CO
Marcus,Diaz,881,04/09/1984,***-**-4253,IL
David,Jones,952,12/26/1966,***-**-8614,KY
Jesus,Clark,475,06/17/1979,***-**-9169,NV
Theresa,Mitchell,1354,09/18/1964,***-**-2414,IA
Jennifer,Gonzalez,1718,11/18/1966,***-**-8160,NV
Douglas,Bass,1492,08/17/1992,***-**-8214,VT
Kimberly,Thompson,80,05/28/1984,***-**-7323,NJ
Angela,Hart,595,08/26/1973,***-**-3242,MT
Bryan,Gomez,544,05/03/1990,***-**-5060,ME
Jessica,Howard,791,04/05/1989,***-**-2966,OK
Justin,Dawson,787,02/10/1975,***-**-3269,KS
Edward,Porter,1724,05/30/1980,***-**-3766,LA
Meredith,Anderson,205,03/21/1983,***-**-7457,ME
Julie,Nelson,224,08/28/1960,***-**-3907,WA
Michael,Martin,1269,10/29/1994,***-**-8347,IN
Elizabeth,Moore,886,09/22/1979,***-**-4182,SC
Nicholas,Valentine,578,06/13/1992,***-**-8399,TX
Marie,Young,1265,12/09/1966,***-**-3513,OK
Christopher,Washington,1389,04/25/1986,***-**-7035,MO
Henry,Hoffman,1822,12/13/1977,***-**-1493,NJ
Richard,Armstrong,397,01/07/1991,***-**-5575,MS
Kyle,Walker,162,11/13/1959,***-**-9493,VA
Derrick,Wilcox,1390,10/04/1987,***-**-7187,ME
Lucas,Duncan,1116,10/06/1987,***-**-4251,MS
Lisa,Holmes,883,07/16/1993,***-**-0562,NJ
Elizabeth,Cooper,1573,08/10/1981,***-**-0180,NH
Stacey,Martinez,1522,11/10/1977,***-**-6226,MI
Judith,Haynes,76,02/21/1988,***-**-2176,NC
Jackie,Hill,496,03/09/1974,***-**-9550,NE
Michael,Brown,2091,08/26/1960,***-**-5539,CT
Anthony,Porter,1726,08/03/1959,***-**-2303,MN
Joanna,Hernandez,1996,05/26/1962,***-**-7427,SD
Ashley,Anderson,325,08/15/1982,***-**-0355,OH
Cassandra,Acosta,294,06/09/1972,***-**-3840,WA
Robert,Davidson,1104,08/27/1959,***-**-6216,MN
Lisa,Guzman,260,09/01/1963,***-**-9995,ND
Bonnie,Kelley,2043,08/27/1969,***-**-2787,IA
Christopher,Perez,511,03/18/1990,***-**-4454,ND
Randy,Johnson,1818,10/18/1992,***-**-7577,OH
Lauren,Rivas,37,03/01/1963,***-**-4932,AZ
Tracey,Chavez,336,12/16/1980,***-**-8884,FL
David,Marks,1023,03/01/1957,***-**-0456,ND
Shawn,Nunez,147,11/25/1973,***-**-0430,TN
Russell,Yu,306,02/24/1966,***-**-0983,ND
Elizabeth,Hammond,351,11/13/1971,***-**-8748,OR
Heather,Scott,710,06/03/1964,***-**-3710,WY
Kimberly,Hull,1082,04/05/1974,***-**-0816,WI
Robert,Drake,387,11/27/1979,***-**-6370,WI
Adrian,Martin,605,08/02/1976,***-**-4117,PA
Jessica,Rivers,1169,01/30/1991,***-**-4721,MS
Christopher,Lee,760,06/26/1983,***-**-8979,VT
Christopher,Herman,1282,12/29/1991,***-**-8842,NC
Charles,Nash,1658,07/29/1967,***-**-9903,VT
Danielle,Barr,35,03/02/1957,***-**-6806,NH
Andrew,Ramos,155,11/02/1986,***-**-4035,WA
Kevin,Hall,1110,06/24/1990,***-**-3584,AK
Travis,Thompson,1906,02/04/1957,***-**-0470,HI
Emily,Harris,78,04/29/1964,***-**-3273,SC
Samantha,Sanders,961,03/17/1993,***-**-6736,AK
Benjamin,Hayes,1672,09/11/1967,***-**-2236,WY
Michael,Hale,471,06/30/1960,***-**-4326,HI
Lindsay,Smith,1858,05/26/1984,***-**-6627,ME
Kevin,Gonzalez,2013,06/29/1985,***-**-9265,FL
Robin,Quinn,2122,05/10/1959,***-**-4725,IL
Christopher,Fisher,1444,05/30/1968,***-**-7719,VT
Denise,Blankenship,1816,04/17/1989,***-**-5390,ID
Mark,Fitzgerald,1874,10/28/1975,***-**-0350,MS
Mary,Strickland,632,11/08/1966,***-**-8918,OR
Catherine,Davies,1622,09/11/1968,***-**-0142,FL
Patricia,Cooley,1526,08/26/1987,***-**-5355,WY
Kerry,Adams,1594,06/09/1991,***-**-8122,RI
Adrian,Higgins,1889,06/05/1990,***-**-5579,West VA
Nicholas,Crawford,1962,10/18/1980,***-**-3366,ND
Jennifer,Galvan,1286,12/30/1967,***-**-3209,NJ
April,Thomas,2030,08/24/1962,***-**-2295,NJ
Billy,Dawson,862,07/09/1994,***-**-5061,KY
Jennifer,Wilcox,1473,10/16/1980,***-**-5553,KS
Gavin,Brown,392,05/23/1986,***-**-9853,AR
James,Russell,1802,07/25/1993,***-**-4296,NH
Timothy,Wilson,1097,03/16/1985,***-**-3011,MO
Michael,Schmidt,25,01/23/1981,***-**-0951,UT
Sarah,Carrillo,651,05/24/1988,***-**-9627,OH
Ann,Romero,43,03/16/1977,***-**-1940,CT
Mark,Sanchez,1072,07/23/1962,***-**-5707,IL
Christopher,Williams,1869,01/21/1973,***-**-6972,AZ
Daniel,Stewart,92,01/06/1963,***-**-8344,AZ
Jason,Lopez,1107,01/17/1958,***-**-8706,WI
Grace,Garcia,91,06/30/1980,***-**-5358,CO
Adam,Lee,940,01/22/1971,***-**-5729,PA
Brian,Rivera,593,02/09/1979,***-**-5280,West VA
Justin,Howard,1327,03/21/1962,***-**-7396,AL
Bonnie,Joseph,1068,10/10/1991,***-**-0637,WI
Michael,Richard,98,08/12/1963,***-**-1758,WI
Matthew,Ortega,1935,02/10/1959,***-**-0957,AZ
Christine,Sparks,1525,06/26/1969,***-**-9890,RI
Troy,Reynolds,1334,04/04/1967,***-**-0710,NV
Ronald,Taylor,1267,07/09/1979,***-**-5753,CA
Donald,Lyons,1370,06/10/1958,***-**-4933,IN
Lisa,Hicks,1461,10/03/1990,***-**-1465,MI
Carolyn,Wells,1383,11/27/1976,***-**-6075,MA
Sandra,Powers,1945,10/10/1991,***-**-0672,WA
Dawn,Brown,1645,03/10/1959,***-**-8962,WY
George,Oconnell,807,03/31/1975,***-**-5547,DE
Jackson,Lucero,1246,05/12/1963,***-**-6377,MI
Travis,Smith,764,04/23/1992,***-**-2120,LA
Bianca,Wong,1653,07/15/1978,***-**-9401,LA
Willie,Allen,427,01/29/1993,***-**-6874,RI
Andrew,Rodgers,1321,08/07/1991,***-**-7522,ME
James,James,133,05/07/1981,***-**-0406,OK
Amy,Estrada,1105,07/30/1984,***-**-6593,WI
Mary,Carrillo,73,06/10/1960,***-**-2605,NJ
Jamie,Jones,892,02/12/1980,***-**-0066,HI
Carol,Foster,452,01/13/1988,***-**-5822,DE
Ann,Mitchell,2056,06/14/1966,***-**-6382,AK
Cynthia,Robinson,1071,05/10/1968,***-**-2765,LA
Lauren,Allen,548,06/14/1968,***-**-5523,AR
James,Baker,381,10/09/1973,***-**-0137,OK
Katherine,Glass,2053,01/14/1966,***-**-9120,NH
Lori,Alvarado,377,08/07/1987,***-**-3011,AL
Elizabeth,Mack,810,10/31/1987,***-**-0674,WI
Daniel,Rodriguez,678,07/05/1970,***-**-5485,NC
Melanie,Garrett,103,12/13/1957,***-**-9240,UT
William,Landry,1775,02/26/1973,***-**-8042,MT
Chelsea,Gallagher,985,08/03/1993,***-**-7805,VT
Stephanie,Greer,1931,04/10/1965,***-**-7531,VA
Victoria,Mcdaniel,174,09/14/1965,***-**-9517,CA
Francisco,Archer,1187,08/19/1981,***-**-6654,AK
Caroline,Morrison,1141,04/24/1966,***-**-1880,MO
Mary,Daniel,1562,06/12/1971,***-**-9538,IL
Paul,Harris,655,03/27/1973,***-**-1734,TX
Jay,Smith,949,04/02/1979,***-**-8985,KY
Ashlee,Hall,1850,10/10/1962,***-**-0455,MT
Meagan,Harrington,177,08/04/1988,***-**-1677,IL
Jasmine,Ho,537,01/30/1977,***-**-0531,MA
Jill,Jones,2027,10/10/1977,***-**-4898,IL
Kathryn,Rodgers,1702,12/23/1979,***-**-2077,CA
Karen,Nolan,1059,05/11/1988,***-**-9034,MA
Randy,Johnston,82,07/25/1989,***-**-6052,NC
William,Doyle,2020,02/14/1967,***-**-8137,AR
Dylan,Singh,1531,08/12/1965,***-**-1489,CT
Erin,Norton,1221,08/12/1991,***-**-8009,NE
Jonathan,Bennett,604,02/08/1991,***-**-0104,NJ
Abigail,Wong,1878,03/04/1988,***-**-1896,FL
Shawn,Bennett,2008,07/19/1980,***-**-0598,OK
Dawn,Kramer,202,09/11/1988,***-**-7257,LA
Steven,Taylor,1121,01/21/1958,***-**-0487,AL
Michael,Newton,124,08/02/1973,***-**-8678,OK
James,Day,843,02/16/1991,***-**-2205,VT
Alec,Williams,1871,08/08/1981,***-**-3293,AL
Jill,Torres,389,02/27/1958,***-**-9730,CT
Stephanie,Sullivan,2072,05/12/1973,***-**-1275,NJ
James,Knight,1578,06/14/1970,***-**-0910,TX
Brandon,Lyons,144,11/25/1963,***-**-8469,ME
Melinda,Martin,1614,01/26/1974,***-**-3356,CO
Sara,Riley,1703,04/04/1980,***-**-8451,MA
James,Parks,1753,03/05/1972,***-**-5111,MI
Andrew,Wilkerson,930,07/18/1961,***-**-1067,AR
Gary,Rice,647,10/25/1965,***-**-3962,WY
Juan,Carr,1885,10/10/1959,***-**-1881,MT
Michael,Chapman,388,10/08/1993,***-**-7919,NC
Mike,Richardson,1130,05/02/1975,***-**-2258,AR
Daniel,Ramirez,312,07/05/1965,***-**-9999,NJ
Anna,Davies,1867,01/08/1979,***-**-2450,ID
Stephanie,Harper,868,04/15/1966,***-**-2813,IL
Christopher,Garcia,1859,04/30/1962,***-**-1247,AL
Joshua,Webb,359,10/29/1964,***-**-4482,AR
Kelly,Evans,2108,01/25/1969,***-**-1066,PA
Marissa,Davis,752,06/15/1975,***-**-5270,AZ
Jermaine,Clark,90,04/12/1979,***-**-5497,MA
Tanner,Medina,733,07/18/1958,***-**-5988,VA
Donald,Dunlap,951,01/18/1993,***-**-9427,NV
Joseph,Ewing,1628,11/21/1957,***-**-6418,NJ
Kimberly,Smith,1243,01/07/1974,***-**-9371,ME
Nicholas,Obrien,1247,05/11/1984,***-**-2045,AL
Jason,Perez,917,06/18/1968,***-**-5216,NY
Jesse,Hernandez,2062,01/10/1977,***-**-1848,KS
Brendan,Newman,413,04/08/1980,***-**-0507,PA
Marisa,Cunningham,2066,04/15/1963,***-**-7660,SD
Christopher,Lee,365,11/03/1963,***-**-2873,UT
Laura,Walker,654,01/02/1985,***-**-7447,ME
Richard,Downs,625,09/14/1967,***-**-7597,TN
Cynthia,Black,62,10/13/1957,***-**-1892,WY
Sara,Vazquez,1695,04/08/1972,***-**-1732,SD
Logan,Reynolds,1209,04/16/1994,***-**-4618,NH
Michele,Brown,938,09/22/1978,***-**-5035,NM
James,Rodriguez,396,01/25/1981,***-**-3339,OR
Jason,Jennings,458,07/06/1972,***-**-7206,CA
Rebecca,Petty,1590,01/27/1961,***-**-3996,NV
Jeremy,Wagner,1416,12/29/1986,***-**-2501,KY
Mary,Vincent,1098,09/01/1965,***-**-2149,GA
Nathan,Wolfe,1279,05/03/1976,***-**-2075,SC
Jose,Adkins,492,12/13/1971,***-**-5374,West VA
Miranda,Mitchell,1979,10/06/1967,***-**-9105,UT
Peter,Hunt,1224,04/19/1966,***-**-5402,IL
Katie,Lynn,341,10/17/1983,***-**-3701,WA
Nancy,Smith,598,02/12/1965,***-**-2243,SC
Adam,King,906,05/14/1990,***-**-9527,OR
Shawna,Chan,490,12/17/1991,***-**-6067,LA
Joseph,Dudley,296,07/17/1979,***-**-6312,NH
Lori,Gallagher,1519,02/08/1957,***-**-7013,KY
Antonio,Velasquez,2004,01/03/1984,***-**-8910,MO
Steven,Harris,719,12/14/1970,***-**-2872,NC
Amanda,Brown,953,01/27/1980,***-**-2038,OR
Ashley,Morales,1344,04/25/1963,***-**-9001,NV
Gina,Holder,778,03/30/1971,***-**-0286,OK
Donald,Flores,1,04/06/1984,***-**-5306,TX
Tanner,Coleman,1122,03/10/1959,***-**-4304,West VA
Julie,Burnett,852,05/04/1975,***-**-8126,IA
Eric,Ball,335,04/13/1963,***-**-4040,MO
Alejandro,Harris,1006,08/15/1976,***-**-5703,MD
Cindy,Rojas,154,06/16/1989,***-**-1963,OH
Nicole,Mueller,467,08/11/1991,***-**-4424,NV
Karen,Dennis,1332,08/27/1983,***-**-0487,TN
Austin,Rodriguez,614,09/06/1994,***-**-0095,VA
Frances,Stewart,2061,05/02/1982,***-**-1069,DE
Katie,Camacho,1786,09/24/1959,***-**-2447,MN
Samuel,Huber,541,04/11/1981,***-**-9237,MD
Thomas,Hernandez,1322,06/10/1964,***-**-9293,VA
Sharon,Bryant,1343,05/08/1965,***-**-9955,NH
Daniel,Choi,1882,03/10/1968,***-**-1109,NV
Janice,Perry,835,06/04/1966,***-**-9017,MA
Lauren,Cruz,1275,06/19/1985,***-**-2521,AK
Steven,Taylor,1017,04/03/1976,***-**-5758,DE
Teresa,Padilla,682,07/22/1984,***-**-8415,ND
Andrew,Brooks,997,03/26/1967,***-**-7690,RI
Antonio,Townsend,264,04/11/1992,***-**-1545,MO
Kristina,Hill,1777,06/23/1984,***-**-0946,NY
Sarah,Johnson,307,01/02/1968,***-**-2953,IA
Aaron,Johnson,510,07/21/1970,***-**-0554,IA
Michael,Brown,1696,02/01/1966,***-**-8406,CO
Phillip,Brown,640,06/29/1994,***-**-3100,KS
Kevin,Pollard,954,02/19/1977,***-**-3147,IA
Tommy,Castro,1124,11/24/1987,***-**-4794,OR
Courtney,Walker,398,10/29/1976,***-**-6744,FL
Daniel,Ramsey,2089,09/01/1969,***-**-5559,NC
Michael,Robbins,959,02/08/1981,***-**-8280,IN
Robert,Murphy,198,10/05/1978,***-**-4258,MD
Matthew,Parks,1605,01/15/1963,***-**-4990,NJ
Randy,Acosta,1310,08/26/1983,***-**-8896,NH
Anna,Harrell,1152,07/20/1979,***-**-2164,NH
Julie,Russell,1891,06/01/1963,***-**-9843,AZ
Melissa,Martinez,1909,01/13/1977,***-**-3101,AR
Donna,King,123,05/22/1984,***-**-5938,IA
Ashley,Ryan,2051,08/28/1975,***-**-0520,CO
Joshua,Golden,44,09/04/1968,***-**-9925,ME
Jared,Miranda,60,10/05/1987,***-**-8276,MN
Richard,Martinez,1549,05/13/1992,***-**-2702,VA
Kimberly,Andersen,179,08/04/1971,***-**-1839,GA
Kenneth,Moore,1346,04/30/1982,***-**-0900,IL
Cheryl,Payne,1470,06/11/1967,***-**-0836,CT
Lauren,Lewis,1063,03/09/1957,***-**-6569,NE
Rachel,Anderson,714,10/29/1991,***-**-2308,DE
Jessica,Snyder,1742,05/27/1964,***-**-3836,NM
Edgar,Jennings,1704,09/10/1974,***-**-6853,VT
Mark,Brown,912,03/11/1973,***-**-2028,AK
Erica,Wilson,1981,08/23/1962,***-**-0180,NE
Miguel,Pierce,1647,02/18/1971,***-**-7771,VT
Robert,Kim,120,03/03/1967,***-**-6091,DE
Todd,Garza,703,10/22/1976,***-**-3578,OH
Jessica,Thompson,440,03/13/1965,***-**-1210,PA
Erica,Waller,1274,08/17/1987,***-**-0085,West VA
Thomas,Stark,522,12/02/1992,***-**-0771,AZ
Emily,Morris,865,09/22/1973,***-**-0441,MI
Jose,Jennings,599,05/24/1974,***-**-5779,UT
Tricia,Stone,915,10/29/1992,***-**-9831,VT
Tiffany,Robertson,1311,01/21/1987,***-**-2229,NV
Stacy,Chambers,326,11/20/1974,***-**-8177,IA
Tyler,Davis,1503,07/25/1975,***-**-5636,MA
Scott,Mitchell,27,06/16/1958,***-**-0295,NV
Samantha,House,439,09/18/1963,***-**-1318,IN
Antonio,Jones,839,08/24/1968,***-**-3726,ND
Christopher,Blackburn,266,11/17/1967,***-**-6161,WI
Ryan,Hayes,817,12/19/1958,***-**-2420,MN
Michelle,Hull,375,09/16/1965,***-**-6277,West VA
Daniel,Bradley,2034,06/24/1966,***-**-7873,TN
Jason,Alexander,1542,07/24/1973,***-**-3904,KY
Audrey,Crane,911,02/03/1968,***-**-3433,ND
Scott,Walker,1089,07/06/1969,***-**-2922,NH
Pamela,Andrews,920,05/17/1970,***-**-7569,SC
Andrew,Boone,1407,11/23/1971,***-**-7128,AZ
William,Nash,1287,03/25/1986,***-**-6906,AK
Leah,Huynh,288,12/22/1973,***-**-8917,WA
Margaret,Peterson,1678,01/11/1972,***-**-6604,AL
Richard,Neal,1429,03/04/1983,***-**-4798,DE
Brian,Frost,926,03/25/1962,***-**-1600,AZ
David,Logan,947,11/23/1959,***-**-4440,AZ
Paige,Carter,1932,07/15/1994,***-**-0153,IL
Jennifer,Garcia,2047,02/03/1994,***-**-6599,MA
Tom,Diaz,557,10/20/1968,***-**-8562,MI
Sean,Nguyen,1317,12/07/1984,***-**-7578,MO
Chelsea,Gibson,1934,11/12/1994,***-**-5956,MS
Kaitlyn,Navarro,2087,06/03/1972,***-**-7020,LA
Alejandra,Castillo,1220,01/07/1973,***-**-7442,CT
Vanessa,Russell,552,05/09/1958,***-**-7025,VT
Jeremy,Arias,121,04/08/1979,***-**-0400,WI
Jason,Hurley,1235,01/16/1980,***-**-8792,CO
Shannon,Smith,2003,10/08/1973,***-**-5776,CT
Justin,Goodwin,1196,08/01/1969,***-**-1175,AR
Cynthia,Moreno,1437,10/25/1979,***-**-6949,IA
Gary,Parker,1319,08/23/1959,***-**-8965,NC
Sara,Ramirez,1955,08/17/1994,***-**-8224,WY
Amanda,Kelly,1170,05/04/1957,***-**-4945,NE
Marie,Fletcher,1534,07/22/1957,***-**-2740,NH
Tamara,Sutton,1750,02/22/1960,***-**-6071,NE
Denise,Reynolds,1740,12/25/1980,***-**-3349,VT
Joshua,Jensen,1675,09/16/1986,***-**-1905,KY
Megan,Taylor,1797,09/25/1974,***-**-0911,West VA
Kimberly,Harris,1434,03/15/1980,***-**-5957,UT
Matthew,Maldonado,327,08/12/1975,***-**-2760,NC
Tyler,Odonnell,259,02/03/1958,***-**-4977,MO
Crystal,Gillespie,826,09/01/1965,***-**-2014,NJ
Charles,Rangel,1035,08/08/1958,***-**-1578,WA
Janet,Conway,606,11/16/1982,***-**-0264,MT
Gregory,Bell,698,11/07/1971,***-**-1739,MD
Jordan,Kennedy,2107,11/18/1991,***-**-3302,KS
Daniel,Peterson,272,10/15/1967,***-**-5262,LA
Suzanne,Duncan,1922,08/05/1970,***-**-1866,DE
Jared,Cole,1566,07/05/1993,***-**-9210,CA
Sarah,Gill,1479,05/29/1979,***-**-2475,ID
Gina,Moon,1953,04/16/1989,***-**-6026,DE
Kristen,Gomez,1199,02/14/1994,***-**-3365,CO
Brandi,Herrera,1565,08/21/1967,***-**-2202,MO
Scott,Smith,785,07/08/1992,***-**-7083,MO
Andrew,Rocha,525,11/15/1980,***-**-6711,VA
Carol,Gonzalez,1384,05/15/1965,***-**-7727,ND
Tyler,Allen,34,10/20/1990,***-**-2723,LA
Eric,Stewart,357,11/02/1985,***-**-1687,NE
Tara,Weiss,338,01/26/1984,***-**-1537,KY
Melissa,Long,1132,04/17/1982,***-**-0270,WI
Austin,Moran,600,11/08/1986,***-**-4629,MO
Sheila,Fuentes,1646,07/26/1969,***-**-0928,GA
Michael,Jackson,820,05/06/1961,***-**-0399,ND
Alexander,Robbins,761,05/28/1961,***-**-1810,NY
William,Young,1167,10/08/1957,***-**-6502,IN
Amber,Collins,812,05/18/1976,***-**-2118,NV
Sarah,Ware,185,02/13/1986,***-**-5840,OR
James,Sanchez,1242,09/18/1986,***-**-9729,West VA
Mary,Cisneros,718,02/20/1979,***-**-6532,IN
Lisa,Peterson,1264,07/17/1991,***-**-0624,TX
David,Hunt,1943,11/10/1958,***-**-8751,CA
Heather,Eaton,424,12/29/1988,***-**-4343,ME
Christine,Long,1040,01/15/1963,***-**-4307,OH
Edward,Rogers,1081,07/31/1992,***-**-4719,RI
Robert,Hernandez,1512,10/30/1977,***-**-5768,VT
Matthew,Wells,916,03/19/1982,***-**-3424,IA
Ellen,Jackson,1333,07/21/1968,***-**-6239,PA
Thomas,Brown,364,01/11/1962,***-**-6614,AK
Karen,Thompson,1634,08/05/1972,***-**-0708,HI
Debra,Barr,126,02/12/1989,***-**-7326,MT
Melissa,Johnson,567,05/27/1983,***-**-3935,LA
Ronald,Boyd,414,11/04/1983,***-**-7000,MS
Adam,Davis,1010,03/14/1959,***-**-9864,NJ
James,Erickson,1014,02/17/1979,***-**-6184,RI
William,Lane,1208,04/15/1982,***-**-0409,VT
John,White,53,02/24/1982,***-**-4393,ME
Pamela,Ortiz,722,03/13/1990,***-**-6253,PA
Donna,Clark,1391,04/07/1987,***-**-3543,NC
Mike,Burke,670,05/09/1979,***-**-3812,NY
Michelle,Hill,2049,01/26/1957,***-**-2454,AL
Dana,Davis,423,03/02/1967,***-**-4598,MT
Brittany,Webster,1181,01/28/1980,***-**-2296,TX
Justin,Romero,899,05/25/1988,***-**-5569,OH
Brandon,Miller,1396,04/01/1974,***-**-2443,NM
Melissa,Hendricks,648,09/16/1961,***-**-6637,KS
Kimberly,Scott,245,10/10/1964,***-**-2120,OK
Amy,Williams,845,10/10/1958,***-**-0952,AK
William,Wright,1950,11/16/1975,***-**-7918,MD
Rachel,Mcdowell,362,04/26/1979,***-**-2963,AK
Barbara,Estrada,470,12/20/1983,***-**-0289,NV
William,Jones,539,08/13/1967,***-**-4239,MD
Michael,Williams,766,05/27/1971,***-**-4633,OK
Adrian,Parker,450,04/08/1986,***-**-9399,CO
Ashley,Rivera,1210,07/23/1964,***-**-7934,NE
Matthew,Griffin,923,01/02/1987,***-**-3734,VT
Taylor,Norman,378,02/06/1987,***-**-7109,UT
Harry,Roberts,1297,02/27/1968,***-**-9243,IN
Shawn,Snyder,1294,04/14/1965,***-**-9603,OK
Courtney,Sanchez,617,12/23/1969,***-**-5491,OK
Cory,Nguyen,2100,02/13/1988,***-**-9204,NH
Dillon,Porter,1300,07/08/1994,***-**-3794,FL
William,Leach,1720,06/11/1975,***-**-5386,NV
Amanda,Sanders,1119,06/17/1964,***-**-8479,VT
Bernard,Kim,1949,10/04/1968,***-**-3296,IL
Susan,Mendez,1020,02/23/1989,***-**-6760,HI
Lindsay,Harris,512,09/23/1967,***-**-4974,IL
Elizabeth,Mckay,1825,06/18/1975,***-**-4629,MA
Laura,Gonzalez,1355,02/23/1991,***-**-0054,CO
Amanda,Ross,314,06/06/1957,***-**-0611,KY
Alejandro,Scott,597,11/05/1968,***-**-3244,OK
Derek,Sanchez,370,12/04/1964,***-**-1818,MI
Patrick,King,895,06/20/1973,***-**-2638,ME
Jill,Hamilton,1846,11/07/1991,***-**-9698,CA
Brooke,Peterson,2063,07/31/1965,***-**-1545,MS
Michael,Haas,995,10/12/1961,***-**-8176,WY
Laura,Clark,2065,11/01/1983,***-**-9301,SC
Debbie,Hill,907,06/12/1968,***-**-0343,LA
Mike,Miller,1049,11/20/1980,***-**-6130,MT
Gabriel,Peters,1993,12/27/1987,***-**-3489,TX
Jeffrey,Brown,1545,12/03/1988,***-**-0673,CA
Jason,Campbell,473,07/24/1976,***-**-3475,UT
Anne,Gill,1896,05/24/1989,***-**-0549,ME
Katherine,Wilson,520,12/16/1972,***-**-2381,VT
Joseph,Mcintosh,218,07/17/1961,***-**-1041,TN
Erin,Ortiz,662,07/25/1962,***-**-1510,TX
Donald,Foster,1907,07/05/1984,***-**-2750,IL
Erin,Gallegos,1612,02/20/1990,***-**-0552,SC
Stephen,Reed,1171,05/18/1960,***-**-5458,MT
Ashley,Gutierrez,731,12/11/1991,***-**-0123,ME
Eileen,Benson,1335,11/07/1966,***-**-5795,IL
Reginald,Jackson,781,08/10/1965,***-**-6778,CT
Felicia,Edwards,1778,12/26/1983,***-**-0974,IA
Dawn,Schmidt,113,12/08/1982,***-**-2713,TX
Jill,Hall,391,11/13/1983,***-**-8813,AZ
Laura,Fox,1845,11/05/1990,***-**-8109,NE
Darlene,Ellis,158,09/13/1994,***-**-3881,KY
Lisa,Harris,1320,10/22/1959,***-**-0170,FL
David,Miller,1951,04/13/1976,***-**-1387,MT
Eric,Clark,69,11/21/1971,***-**-3894,ME
Rachel,Washington,1759,11/07/1985,***-**-8983,WI
Bianca,Torres,1365,12/28/1978,***-**-7874,TN
Angela,Smith,1671,03/13/1961,***-**-5600,NY
Pamela,Hale,1424,10/30/1969,***-**-3067,ME
Kyle,Rivera,635,12/12/1992,***-**-3275,AR
Shari,Stewart,1044,02/26/1970,***-**-8470,IA
Nathan,Sheppard,2035,08/07/1968,***-**-8280,MI
Patricia,Ferguson,1371,04/27/1959,***-**-5356,AR
Natalie,Porter,238,02/05/1974,***-**-1071,DE
Robert,Anderson,286,05/27/1982,***-**-4340,TN
Andrew,Howard,1131,08/11/1965,***-**-5489,AL
Randy,Mack,477,09/17/1976,***-**-8346,AZ
Crystal,Thomas,1763,07/23/1972,***-**-9079,OR
Angela,Reyes,1963,07/26/1959,***-**-4418,KY
Charles,Williams,72,01/09/1972,***-**-1525,KY
Andrea,Brown,1450,12/28/1967,***-**-9598,IN
Timothy,Henson,504,04/18/1987,***-**-0242,WY
Terri,Levine,1789,03/29/1987,***-**-6427,VT
Jesse,Pacheco,971,07/17/1969,***-**-0584,CA
Julie,Jacobs,247,04/12/1984,***-**-4568,NE
Stephanie,Hoover,279,08/30/1990,***-**-5541,UT
Veronica,Blake,2104,05/28/1991,***-**-4434,UT
Matthew,Smith,2036,08/10/1958,***-**-1697,WY
Elizabeth,Lynn,1329,08/01/1993,***-**-2211,KY
Devin,Johnson,540,07/11/1964,***-**-3213,UT
Cameron,Turner,284,08/02/1964,***-**-6438,NC
Luke,Robinson,1548,04/10/1993,***-**-5430,TN
Cheryl,Carpenter,1834,01/03/1994,***-**-8234,LA
Loretta,Ramirez,183,12/20/1980,***-**-6782,AR
Anthony,Garner,1843,06/16/1993,***-**-9060,ND
Walter,West,888,09/04/1967,***-**-7787,NV
Todd,Brown,594,04/30/1978,***-**-6104,NM
Jenny,Reed,562,08/23/1968,***-**-9156,WY
Joseph,Paul,1337,02/08/1994,***-**-9283,NJ
Samantha,Brewer,666,09/13/1994,***-**-0433,ND
Jacqueline,Shelton,309,11/27/1984,***-**-7295,MO
Patricia,Hamilton,967,07/07/1991,***-**-5191,NE
Megan,Cook,110,05/21/1974,***-**-5748,HI
Thomas,Caldwell,936,01/25/1987,***-**-7036,TX
Samuel,Ryan,1433,01/24/1993,***-**-2946,NJ
Kayla,Monroe,1879,01/10/1969,***-**-4972,ND
Jessica,Harper,404,11/28/1978,***-**-3504,MI
Chad,Copeland,152,05/07/1967,***-**-9661,WA
Joseph,Anthony,46,03/06/1989,***-**-5196,TX
Madeline,Irwin,984,09/03/1958,***-**-0671,AK
Chad,West,318,01/12/1974,***-**-1189,MN
Aaron,Brown,225,09/02/1970,***-**-8081,KS
Megan,Powell,1266,02/21/1962,***-**-6166,KS
Ivan,Conley,354,01/25/1982,***-**-0309,CA
Bianca,Page,344,02/22/1987,***-**-3023,NM
Matthew,Henry,1202,03/30/1981,***-**-6295,RI
Wesley,Smith,1233,05/17/1975,***-**-7758,AR
Shannon,Torres,1986,01/06/1983,***-**-1380,MS
Noah,Herman,2121,02/13/1964,***-**-7801,ME
Christina,Morgan,1684,03/05/1963,***-**-5012,CO
Lisa,Williams,111,07/14/1991,***-**-5641,SD
Angela,Adams,715,05/09/1973,***-**-7304,MO
Deborah,Anthony,869,04/02/1980,***-**-8077,ND
Jeffrey,Owens,514,09/05/1972,***-**-6976,MT
Kevin,Howard,1787,05/31/1980,***-**-8767,KY
Tina,Peters,229,07/08/1959,***-**-3646,MO
Louis,Hart,1200,05/09/1957,***-**-5742,RI
Juan,Barry,1352,04/07/1964,***-**-0783,VA
Michael,Garrett,1184,09/17/1965,***-**-4728,IN
Justin,Miller,896,08/08/1993,***-**-6228,NE
Chad,Robinson,287,08/30/1976,***-**-1062,RI
Daniel,Callahan,763,05/31/1979,***-**-8277,NV
William,Payne,609,05/25/1966,***-**-6537,NJ
Alvin,Shea,993,07/30/1972,***-**-5567,PA
Joseph,Cox,658,06/06/1969,***-**-3058,MO
William,Miranda,1677,01/14/1976,***-**-8664,NJ
Christopher,Mcintosh,890,11/11/1963,***-**-6744,NY
Ashley,Herring,876,05/21/1984,***-**-7136,CA
Jeremy,Ellis,22,10/14/1961,***-**-5018,LA
James,Miller,1047,08/14/1976,***-**-6770,VT
Jimmy,Walker,1367,06/13/1991,***-**-8798,CA
Pamela,Huynh,795,07/02/1980,***-**-6706,AZ
Sherri,Nguyen,831,06/17/1963,***-**-7282,AR
Victor,Gonzales,1253,12/20/1956,***-**-6873,AR
Kevin,Johnson,934,05/31/1990,***-**-2470,UT
Stephanie,Walker,104,02/06/1978,***-**-3945,GA
Matthew,Taylor,1362,04/06/1968,***-**-2274,WA
Renee,Decker,429,02/04/1988,***-**-8096,UT
Jonathan,Avila,1903,05/31/1965,***-**-7342,CO
Mary,Lee,1523,09/02/1966,***-**-1358,West VA
Andrew,Jennings,33,04/22/1988,***-**-8660,CA
Ashley,Fernandez,1206,09/14/1990,***-**-6998,PA
Thomas,Kidd,1011,12/12/1982,***-**-7421,West VA
Thomas,Shaffer,1075,12/14/1963,***-**-4522,FL
John,Douglas,1052,09/26/1975,***-**-6117,AR
Robert,Benitez,684,10/24/1957,***-**-0167,IA
Micheal,Ramirez,1328,07/31/1985,***-**-3317,LA
Jennifer,Watson,386,09/10/1989,***-**-6997,UT
Sarah,Mitchell,445,10/01/1957,***-**-7146,NY
Erica,Moore,1021,03/20/1957,***-**-0654,MN
Michael,Pruitt,1969,11/14/1985,***-**-6561,WA
Jennifer,Johnson,487,04/15/1980,***-**-5708,LA
Darrell,Moreno,739,11/30/1980,***-**-7021,AK
Andrew,Barrett,1331,08/16/1959,***-**-1591,MT
Michael,Le,1648,12/28/1986,***-**-1535,NV
Ryan,Myers,380,07/09/1973,***-**-0813,LA
Courtney,Rivera,1694,01/18/1961,***-**-8563,SD
Michelle,Parrish,1139,05/26/1963,***-**-8720,West VA
Ronnie,Nash,558,06/05/1959,***-**-1227,OH
Jesse,Jackson,356,08/11/1973,***-**-7626,TX
Paula,Gilbert,95,07/13/1969,***-**-6532,LA
Jared,Martin,2059,04/05/1977,***-**-3266,OK
Joshua,Massey,894,06/21/1993,***-**-9713,NE
William,Martin,1796,01/09/1957,***-**-1042,AR
Ernest,Guzman,1053,01/24/1969,***-**-6904,RI
Lisa,Porter,2124,07/28/1962,***-**-0789,WI
Carlos,Diaz,1165,06/25/1972,***-**-9779,NE
Richard,Neal,1812,12/08/1976,***-**-4878,ID
Andres,Rivera,101,05/19/1993,***-**-2760,PA
Nicole,Neal,515,03/23/1968,***-**-7256,ND
Kimberly,Stephens,697,07/28/1981,***-**-8363,AR
Erika,Dalton,1660,03/23/1990,***-**-6658,NJ
Catherine,Osborne,1774,06/08/1986,***-**-0018,OH
Amanda,Miller,530,10/08/1990,***-**-0431,West VA
Kristin,Johnson,1493,05/18/1980,***-**-1647,West VA
William,Rush,571,10/26/1980,***-**-4311,WA
Joe,Brown,858,03/13/1994,***-**-9088,KS
Kimberly,Nelson,1133,12/04/1978,***-**-2012,AZ
Heather,Foster,1496,01/07/1959,***-**-8466,MO
Brandy,Lambert,1345,09/06/1982,***-**-8681,OH
Amy,Small,969,05/19/1993,***-**-3612,NH
Christopher,Francis,825,10/31/1982,***-**-8536,IA
Lorraine,Butler,1480,10/13/1981,***-**-1324,RI
Timothy,Scott,1262,04/11/1978,***-**-2563,WI
Adam,Leonard,1256,05/14/1982,***-**-3927,SD
Ashley,Baker,607,10/07/1991,***-**-3210,WI
Carolyn,Owens,165,05/02/1979,***-**-9140,CA
Michelle,Nolan,1989,04/28/1963,***-**-2978,CO
Thomas,Rose,689,06/19/1979,***-**-6533,OR
Robert,Flores,1475,04/17/1973,***-**-1191,NE
Bryan,Whitehead,1268,01/10/1989,***-**-9651,NV
Michael,Decker,1800,07/17/1959,***-**-4721,TN
Taylor,Watson,957,09/17/1986,***-**-5802,ME
Hannah,Richards,633,09/10/1978,***-**-3709,MO
Haley,Sanchez,575,10/10/1991,***-**-2490,VA
Cynthia,Gray,192,09/10/1957,***-**-7826,GA
Elizabeth,May,1975,04/07/1987,***-**-5485,ND
Tracy,Miles,164,05/21/1976,***-**-1924,NY
James,Herrera,313,04/27/1958,***-**-6143,NM
Benjamin,Galvan,664,06/14/1969,***-**-7125,OR
David,Choi,659,12/06/1970,***-**-2416,GA
Jeffrey,Mccarty,1973,02/27/1990,***-**-9024,NC
Sherry,Monroe,1174,05/18/1985,***-**-3276,LA
Michael,Gonzalez,838,02/26/1977,***-**-6500,NH
Darren,Harrell,1771,03/06/1962,***-**-5656,OR
Joseph,Long,1705,07/31/1981,***-**-2926,ND
Tammy,Curry,867,12/13/1990,***-**-6118,CO
Anthony,Thomas,379,09/03/1964,***-**-5389,TN
Rodney,Lawson,1819,10/22/1988,***-**-6989,NM
Steven,Gould,770,06/15/1969,***-**-1538,MN
Austin,Cox,2069,01/07/1983,***-**-9405,LA
Shelly,Miller,383,04/30/1962,***-**-5240,IL
Rachel,Pratt,1937,12/05/1966,***-**-4743,AR
John,Hill,1586,01/07/1992,***-**-7717,TX
Gerald,Hernandez,1795,03/01/1982,***-**-3648,CA
Donald,Richardson,1227,05/25/1969,***-**-2416,CA
Philip,Cannon,1172,01/19/1992,***-**-2516,CA
William,King,2031,06/10/1967,***-**-5590,AK
Lee,Reed,1226,05/25/1987,***-**-0149,OR
Veronica,Strickland,1126,04/20/1974,***-**-4151,NH
James,Gonzalez,533,01/07/1965,***-**-2194,NC
Jacqueline,Ward,1114,12/20/1986,***-**-4524,NH
Jose,Johnson,215,05/22/1967,***-**-2628,ND
Ronald,Smith,1451,09/28/1957,***-**-4374,DE
Katherine,King,1214,09/26/1963,***-**-6189,RI
Carla,Burnett,701,09/07/1977,***-**-0943,CA
Evelyn,Bradley,2017,06/18/1957,***-**-0969,SC
Thomas,Jordan,1193,02/17/1958,***-**-2612,PA
Eric,Hernandez,1398,06/03/1959,***-**-8875,IL
Stephen,Hicks,1056,10/23/1966,***-**-6660,VT
Terri,Richardson,891,08/09/1965,***-**-9746,IL
Charlotte,Evans,990,04/27/1973,***-**-5916,PA
Jeffrey,Rose,1964,07/25/1959,***-**-3871,FL
Jeanne,Williams,792,12/10/1964,***-**-6601,TX
Rebecca,Anderson,932,03/18/1978,***-**-7809,MN
Jacob,Chavez,1380,10/10/1978,***-**-4084,PA
Richard,Nelson,529,11/04/1992,***-**-1489,FL
Alison,Collins,1626,09/10/1991,***-**-8839,LA
Holly,Fox,1066,08/11/1985,***-**-3929,WY
Carolyn,Williams,738,03/01/1978,***-**-7077,RI
Cathy,Cooper,447,02/15/1994,***-**-8979,MT
Keith,Horn,1633,12/13/1988,***-**-3102,MI
Suzanne,Saunders,1472,10/29/1966,***-**-1282,GA
William,Molina,1029,03/18/1989,***-**-9180,AK
Steven,Stanton,2075,12/09/1993,***-**-0927,MO
Bryan,Stephens,1710,05/01/1991,***-**-9078,TX
Aaron,Allen,1793,12/14/1969,***-**-6459,HI
Gina,Hunt,20,08/12/1986,***-**-3821,NV
Lori,Wilson,1111,12/03/1980,***-**-3755,IA
Kristi,Spencer,114,08/30/1963,***-**-3145,NE
Michelle,Huffman,1616,05/13/1974,***-**-5948,AL
Valerie,Simmons,970,08/07/1973,***-**-4323,AR
John,Medina,762,12/24/1959,***-**-5244,GA
Denise,Ewing,730,09/02/1974,***-**-5290,LA
Anna,Meyers,878,06/14/1976,***-**-6602,AZ
Ashley,Bray,1947,10/01/1981,***-**-8804,West VA
Gabrielle,Ochoa,1976,12/02/1969,***-**-5306,ME
Brandon,Dunn,873,11/29/1973,***-**-4941,FL
Elizabeth,Chavez,329,12/04/1960,***-**-2197,MI
Kyle,Rios,1252,04/06/1967,***-**-2992,WA
Jason,Hill,1830,07/27/1991,***-**-4407,IL
Kristen,Li,749,05/25/1991,***-**-3025,MD
Charles,Simmons,660,10/19/1972,***-**-4900,WA
Derek,Dixon,2094,05/22/1963,***-**-2196,AK
Sarah,Williams,61,07/30/1992,***-**-0343,AK
Kaitlin,Costa,1271,08/26/1989,***-**-7674,VT
Matthew,Jones,2032,11/30/1989,***-**-0361,MA
Molly,Bennett,324,07/14/1984,***-**-4164,MA
Bobby,Jones,649,02/15/1968,***-**-1848,NH
Jennifer,Lewis,1061,04/13/1968,***-**-4353,ID
Brian,Wilson,1507,02/14/1963,***-**-0693,GA
Thomas,Graham,1567,10/02/1988,***-**-5911,MA
Deborah,Acosta,1655,07/08/1992,***-**-1988,ID
Mitchell,Cook,1591,02/08/1988,***-**-4451,PA
Amy,Jacobs,1205,08/20/1957,***-**-4913,RI
Kimberly,Williams,611,10/02/1962,***-**-1474,OH
John,Williams,55,05/11/1963,***-**-8882,MO
Bernard,Martinez,1617,01/01/1959,***-**-2910,SC
Allison,Walter,588,10/21/1978,***-**-5582,WY
William,Boyle,840,05/25/1986,***-**-3702,SD
Jessica,Howell,184,11/02/1962,***-**-8142,WA
Christine,Anthony,128,01/18/1989,***-**-0561,NY
Samuel,Jones,644,06/10/1989,***-**-3255,CT
Kyle,Moore,1738,09/18/1970,***-**-5398,ND
Brittany,Vance,373,07/06/1974,***-**-3913,TN
Laura,Jacobson,1302,02/05/1962,***-**-9901,West VA
Erin,Briggs,1611,02/25/1987,***-**-6681,AR
Stephen,Smith,1596,05/13/1963,***-**-9670,MI
Douglas,Clark,1368,03/10/1982,***-**-7437,NV
Brandon,Oneal,1766,01/08/1985,***-**-1872,MI
Andrew,Baldwin,509,07/19/1960,***-**-9735,MO
Anna,Schroeder,222,03/27/1972,***-**-3797,KY
Valerie,Stone,1808,01/07/1994,***-**-8118,NE
Sean,Sanchez,980,11/29/1963,***-**-1009,WI
Vanessa,Graham,1476,09/21/1972,***-**-1982,NY
Katherine,Anderson,2009,09/26/1988,***-**-8425,ME
Erica,Gonzalez,2076,08/29/1967,***-**-7362,NC
Stacy,Johnson,1659,10/27/1980,***-**-7345,FL
Kevin,Watts,434,06/20/1957,***-**-3488,NH
Emily,Nguyen,119,11/27/1960,***-**-6079,NV
Lynn,Hall,244,04/12/1977,***-**-7857,OK
Gail,Johnson,804,06/06/1990,***-**-3613,CT
Connie,Olsen,212,12/30/1988,***-**-6860,OH
Michael,Church,417,11/27/1959,***-**-5079,KY
Mike,Wilson,555,12/23/1962,***-**-7316,MN
Crystal,Fisher,519,11/10/1972,***-**-9745,ID
Charles,Duncan,232,02/14/1980,***-**-9851,NC
Roy,Perkins,898,10/10/1988,***-**-8096,FL
Dustin,Jackson,24,01/06/1979,***-**-2345,HI
Laura,Contreras,2086,05/17/1962,***-**-6546,WY
Timothy,Morton,1709,07/02/1993,***-**-3871,SD
John,Morrison,1606,01/10/1984,***-**-4470,MA
Joseph,Wood,1917,11/02/1957,***-**-5341,FL
Oscar,Romero,928,03/08/1987,***-**-5634,IL
Shannon,Wilson,1175,11/19/1969,***-**-3974,UT
James,Armstrong,1500,07/23/1975,***-**-4550,ND
Ronnie,Ellison,848,04/22/1980,***-**-2267,WA
Joshua,Wilcox,216,09/27/1986,***-**-7150,OK
Bryan,Rocha,274,02/03/1964,***-**-8996,AZ
Matthew,Flynn,756,10/05/1957,***-**-1385,VA
Amanda,Turner,1925,12/28/1960,***-**-7060,MN
Steven,White,1731,03/05/1959,***-**-4892,MA
Andrea,Berry,1019,02/14/1989,***-**-6290,AL
Shawn,Burke,1155,01/01/1960,***-**-9071,CA
Rhonda,Wilson,449,01/08/1987,***-**-0832,VT
Jay,Hart,115,05/14/1963,***-**-6255,CT
Ashley,Martinez,1636,04/13/1986,***-**-5385,NV
Elizabeth,Johnston,84,08/03/1974,***-**-2936,IL
Andrew,Acevedo,1478,06/29/1991,***-**-6963,MT
Michelle,Lynch,384,03/28/1972,***-**-8040,PA
Cristian,Gibbs,1582,02/08/1963,***-**-9478,CT
